positionName,companyShortName,salary,createTime,companyId,companyFullName,companySize,financeStage,industryField,education,district,businessZones
数据挖掘,The NetCircle,18k-25k,2019-11-22 16:52:39,4670,人英网络（上海）有限公司,50-150人,不需要融资,"社交,数据服务",本科,普陀区,"['长寿路', '中山北路', '武宁路']"
数据挖掘,还呗-智能信贷领先者,30k-50k,2019-11-22 10:40:53,109625,上海数禾信息科技有限公司,500-2000人,B轮,金融,本科,浦东新区,['张江']
数据挖掘工程师,宜家,20k-40k,2019-11-21 10:00:28,560057,宜家（中国）投资有限公司,2000人以上,不需要融资,消费生活,本科,徐汇区,"['田林', '漕河泾', '龙华']"
数据挖掘工程师,同程艺龙,25k-50k,2019-11-22 16:53:26,3564,同程网络科技股份有限公司,2000人以上,上市公司,旅游,本科,普陀区,"['长征', '梅川路', '金沙江路']"
数据挖掘与模型分析师,萨摩耶金服,20k-40k,2019-11-22 09:47:13,73604,深圳萨摩耶互联网金融服务有限公司,150-500人,C轮,金融,本科,浦东新区,
数据挖掘工程师,微创软件,13k-18k,2019-11-22 17:51:32,124652,上海微创软件股份有限公司,2000人以上,不需要融资,"企业服务,移动互联网",本科,徐汇区,['龙华']
数据挖掘（开发工程师）,易居克而瑞,10k-15k,2019-11-15 09:51:43,9553,易居企业（中国）集团有限公司,500-2000人,上市公司,"移动互联网,消费生活",本科,闸北区,"['闸北公园', '延长路']"
数据挖掘工程师,上海纯米电子科技,10k-20k,2019-11-22 15:12:03,151142,上海纯米电子科技有限公司,150-500人,C轮,"移动互联网,电商",大专,浦东新区,['张江']
数据挖掘工程师,众标智能科技,15k-20k,2019-11-22 14:33:04,38786,北京众标智能科技有限公司上海分公司,50-150人,A轮,"电商,企业服务",本科,宝山区,"['庙行', '张庙', '长江西路']"
数据挖掘,毒App,15k-25k,2019-11-04 09:42:21,407096,上海识装信息科技有限公司,500-2000人,B轮,"移动互联网,电商",本科,杨浦区,
数据挖掘工程师,Rela热拉-多元女性社区,12k-24k,2019-11-21 18:46:50,40729,上海初生网络科技有限公司,50-150人,B轮,"移动互联网,社交",本科,黄浦区,"['海宁路', '四川北路']"
数据挖掘工程师,华策,15k-30k,2019-11-22 17:33:32,200377,深圳华策辉弘科技有限公司,50-150人,未融资,移动互联网,本科,浦东新区,['洋泾']
数据挖掘工程师(J11048),明略科技集团,15k-25k,2019-11-22 11:20:25,13171,秒针信息技术有限公司,2000人以上,D轮及以上,"数据服务,广告营销",本科,静安区,['曹家渡']
数据挖掘工程师,千寻位置,20k-40k,2019-11-22 10:48:14,99397,千寻位置网络有限公司,150-500人,不需要融资,移动互联网,硕士,杨浦区,
数据挖掘工程师,趋曼信息,12k-22k,2019-11-22 14:38:01,143981,趋曼信息技术（上海）有限公司,15-50人,不需要融资,"电商,企业服务",本科,徐汇区,['虹梅路']
positionName,companyShortName,salary,createTime,companyId,companyFullName,companySize,financeStage,industryField,education,district,businessZones
数据挖掘工程师(上海),极光,15k-30k,2019-11-22 13:20:24,917,深圳市和讯华谷信息技术有限公司,500-2000人,上市公司,企业服务,本科,普陀区,
数据挖掘工程师,虎扑,15k-25k,2019-11-21 20:10:58,1145,虎扑（上海）文化传播股份有限公司,500-2000人,D轮及以上,"移动互联网,文娱丨内容",本科,杨浦区,['延吉']
数据挖掘工程师,仁辉科技,13k-20k,2019-11-22 13:41:25,213202,银川仁辉信息科技有限公司,50-150人,不需要融资,金融,本科,浦东新区,['张江']
高级算法-数据挖掘工程师,商涌网络,25k-50k,2019-11-22 15:55:37,303426,上海商涌网络科技有限公司,50-150人,A轮,数据服务,本科,浦东新区,
数据挖掘工程师,波克科技,10k-15k,2019-11-13 11:20:58,82939753,波克科技股份有限公司,500-2000人,D轮及以上,游戏,本科,普陀区,['长征']
数据挖掘专家,途虎养车网,30k-45k,2019-11-21 16:58:33,36009,上海阑途信息技术有限公司,2000人以上,D轮及以上,汽车丨出行,本科,闵行区,"['南方商城', '莘庄', '古美', '梅陇']"
数据挖掘工程师（金融科技）,交银企服,10k-20k,2019-11-12 15:28:21,95051,交银企业管理服务（上海）有限公司张江高科技园区分公司,2000人以上,上市公司,"移动互联网,金融",本科,长宁区,"['天山路', '虹桥', '古北']"
数据挖掘工程师,拼多多,25k-50k,2019-11-05 09:19:21,107784,上海寻梦信息技术有限公司,2000人以上,上市公司,"电商,移动互联网",本科,长宁区,
数据挖掘工程师,字节跳动,20k-40k,2019-10-30 23:55:51,62,北京字节跳动科技有限公司,2000人以上,C轮,文娱丨内容,本科,浦东新区,
数据挖掘工程师,精锐教育,20k-30k,2019-11-09 10:34:04,112839,上海精学锐信息科技有限公司,2000人以上,上市公司,教育,本科,普陀区,
数据挖掘工程师,嘉晟卓成新能源,25k-50k,2019-11-05 14:41:47,84514692,南京嘉晟卓成新能源科技有限公司,150-500人,不需要融资,"通讯电子,软件开发",本科,浦东新区,
数据挖掘与机器学习算法工程师,字节跳动,25k-50k,2019-11-03 00:41:25,62,北京字节跳动科技有限公司,2000人以上,C轮,文娱丨内容,本科,徐汇区,
数据挖掘专家,拍拍贷,20k-35k,2019-11-11 14:55:05,6044,上海拍拍贷金融信息服务有限公司,2000人以上,上市公司,金融,不限,浦东新区,
数据挖掘助理工程师,众标智能科技,10k-15k,2019-11-22 14:33:04,38786,北京众标智能科技有限公司上海分公司,50-150人,A轮,"电商,企业服务",本科,宝山区,"['庙行', '张庙', '长江西路']"
数据挖掘专家/Leader,趣头条,40k-60k,2019-11-22 09:58:42,202104,上海基分文化传播有限公司,500-2000人,上市公司,文娱丨内容,本科,浦东新区,['张江']
positionName,companyShortName,salary,createTime,companyId,companyFullName,companySize,financeStage,industryField,education,district,businessZones
数据挖掘工程师-风控,拼多多,25k-50k,2019-11-05 09:19:19,107784,上海寻梦信息技术有限公司,2000人以上,上市公司,"电商,移动互联网",本科,长宁区,
高级数据挖掘工程师,车轮,20k-35k,2019-11-22 17:57:40,34863,上海易点时空网络有限公司,150-500人,C轮,移动互联网,硕士,闵行区,
数据挖掘算法,趣头条,25k-35k,2019-11-22 09:58:41,202104,上海基分文化传播有限公司,500-2000人,上市公司,文娱丨内容,本科,浦东新区,['张江']
高级数据挖掘工程师,小赢科技,25k-35k,2019-11-08 15:43:39,24587,深圳市小赢科技有限责任公司,500-2000人,上市公司,金融,本科,虹口区,"['四川北路', '七浦路', '海宁路']"
数据挖掘算法工程师（信贷风控）-01376,同盾科技,10k-20k,2019-11-22 16:20:19,6502,同盾科技有限公司,500-2000人,C轮,"信息安全,数据服务",本科,徐汇区,"['斜土路', '枫林路', '龙华']"
实习数据挖掘工程师（可转正）,字节跳动,4k-8k,2019-10-30 23:55:31,62,北京字节跳动科技有限公司,2000人以上,C轮,文娱丨内容,本科,闵行区,
算法/数据挖掘高级工程师,阅文集团,30k-50k,2019-11-05 10:38:56,28243,上海阅文信息技术有限公司,500-2000人,上市公司,文娱丨内容,本科,浦东新区,['张江']
上海-算法工程师/专家-数据挖掘/推荐算法/广告营销/运筹优化/风控算法,拉勾猎头,25k-50k,2019-11-05 10:50:14,484985,拉勾猎头,500-2000人,D轮及以上,"移动互联网,企业服务",本科,闵行区,['莘庄']
数据挖掘算法专家（算法平台）(J11344),哈啰出行,22k-37k,2019-11-18 15:45:42,164989,上海钧正网络科技有限公司,2000人以上,D轮及以上,"移动互联网,硬件",本科,闵行区,"['莘庄', '七宝']"
点评App部-机器学习/数据挖掘算法专家,美团点评,35k-48k,2019-11-23 10:03:59,50702,北京三快在线科技有限公司,2000人以上,上市公司,消费生活,本科,长宁区,
数据挖掘工程师（2020校招）,莉莉丝游戏,10k-20k,2019-11-19 11:51:17,1938,上海莉莉丝科技股份有限公司,500-2000人,不需要融资,"移动互联网,游戏",本科,闵行区,
数据挖掘/机器学习实习生,上海邻我信息技术有限公司,4k-8k,2019-11-09 16:43:20,24099,上海邻我信息技术有限公司,15-50人,天使轮,"移动互联网,社交",本科,徐汇区,
数据挖掘实习,众标智能科技,3k-4k,2019-11-22 14:33:03,38786,北京众标智能科技有限公司上海分公司,50-150人,A轮,"电商,企业服务",本科,宝山区,"['庙行', '张庙', '长江西路']"
数据挖掘实习生,百度,3k-4k,2019-11-20 14:08:33,1575,百度在线网络技术（北京）有限公司,2000人以上,不需要融资,工具,本科,浦东新区,['张江']
运维数据挖掘专家,千寻位置,30k-60k,2019-11-22 10:48:13,99397,千寻位置网络有限公司,150-500人,不需要融资,移动互联网,本科,杨浦区,
positionName,companyShortName,salary,createTime,companyId,companyFullName,companySize,financeStage,industryField,education,district,businessZones
数据挖掘算法工程师,文谷软件,8k-16k,2019-11-19 14:10:55,275077,上海文谷软件有限公司,少于15人,不需要融资,移动互联网,本科,浦东新区,"['张江', '北蔡']"
通信数据挖掘和分析工程师,诺基亚华诺科技,5k-8k,2019-11-20 16:39:02,280956,湖南华诺科技有限公司,500-2000人,不需要融资,"移动互联网,数据服务",本科,闸北区,"['闸北公园', '共和新路']"
数据挖掘算法工程师（intern01）,MarcPoint,4k-5k,2019-11-04 10:09:38,41486,上海宏原信息科技有限公司,50-150人,A轮,"电商,广告营销",硕士,徐汇区,
Python数据挖掘讲师,上海传智播客,25k-40k,2019-11-21 15:28:20,158357,江苏传智播客教育科技股份有限公司上海分公司,150-500人,上市公司,"移动互联网,教育",本科,浦东新区,['航头']
数据分析开发工程师（数据挖掘/分析方向）,途虎养车网,25k-40k,2019-11-21 16:58:34,36009,上海阑途信息技术有限公司,2000人以上,D轮及以上,汽车丨出行,本科,闵行区,
大数据挖掘开发工程师,上海米哈游,20k-40k,2019-11-22 13:38:04,7872,上海米哈游网络科技股份有限公司,500-2000人,不需要融资,"移动互联网,游戏",本科,徐汇区,
SFJ-大数据挖掘与分析工程师（数据分析方向）,顺丰科技有限公司,25k-50k,2019-10-28 17:23:27,35996,顺丰科技有限公司,2000人以上,不需要融资,物流丨运输,硕士,徐汇区,"['徐家汇', '龙华']"
26124E-数据产品经理,平安租赁,20k-30k,2019-11-23 00:00:16,140240,平安国际融资租赁有限公司,500-2000人,不需要融资,金融,本科,浦东新区,"['唐镇', '金桥']"
数据分析师,掌门1对1在线教育,15k-30k,2019-11-23 18:26:31,60054,上海掌小门教育科技有限公司,2000人以上,D轮及以上,"移动互联网,教育",本科,虹口区,"['北外滩', '江湾']"
数据产品经理,问卷网@爱调研,20k-30k,2019-11-22 18:34:06,22481,上海众言网络科技有限公司,150-500人,C轮,移动互联网,本科,徐汇区,
数据开发工程师,上海意鹰信息技术有限公司,11k-16k,2019-11-22 16:22:17,479937,上海意鹰信息技术有限公司,150-500人,B轮,"移动互联网,企业服务",大专,徐汇区,['虹梅路']
数据产品经理,探知数据,18k-35k,2019-11-22 15:24:54,163790,上海勃池信息技术有限公司,50-150人,A轮,"金融,数据服务",硕士,静安区,
数据科学家,探知数据,40k-80k,2019-11-22 15:24:54,163790,上海勃池信息技术有限公司,50-150人,A轮,"金融,数据服务",本科,静安区,
数据分析师,极光网络,10k-18k,2019-11-23 09:41:13,52610,上海极光网络科技有限公司,150-500人,上市公司,游戏,本科,嘉定区,['南翔']
1121SE-TED数据分析师,平安科技,15k-30k,2019-11-23 00:00:10,24748,平安科技（深圳）有限公司,2000人以上,不需要融资,金融,本科,徐汇区,
positionName,companyShortName,salary,createTime,companyId,companyFullName,companySize,financeStage,industryField,education,district,businessZones
数据分析师,河姆渡电子商务有限公司,15k-25k,2019-11-23 16:38:10,139645,上海河姆渡实业发展有限公司,500-2000人,A轮,电商,本科,浦东新区,"['世纪公园', '花木', '龙阳路地铁']"
数据分析师,平安金服,30k-60k,2019-11-22 17:44:02,161720,深圳平安综合金融服务有限公司,2000人以上,上市公司,金融,本科,浦东新区,
数据顾问,驰骛科技ChiefClouds,15k-30k,2019-11-22 16:58:09,122296,上海驰骛信息科技有限公司,50-150人,A轮,"数据服务,移动互联网",本科,徐汇区,"['虹梅路', '漕河泾']"
数据产品经理,2144游戏,20k-40k,2019-11-22 18:04:29,133485,上海剑圣网络科技有限公司,150-500人,不需要融资,"移动互联网,游戏",本科,浦东新区,['张江']
数据分析师,新浪时金,10k-20k,2019-11-22 17:55:08,67810,新浪时金（上海）信息技术有限公司,2000人以上,上市公司,金融,本科,浦东新区,"['东明路', '南码头', '六里']"
​数据分析师,至数,5k-10k,2019-11-22 17:02:44,388297,上海至数企业发展有限公司,15-50人,A轮,"数据服务,硬件",本科,徐汇区,"['虹梅路', '田林', '漕河泾']"
数据科学家,CraiditX,15k-30k,2019-11-22 16:50:51,110641,上海氪信信息技术有限公司,50-150人,C轮,人工智能,本科,徐汇区,
数据分析师,京东集团,20k-40k,2019-11-22 16:05:11,18139,北京京东世纪贸易有限公司,2000人以上,上市公司,电商,本科,长宁区,['北新泾']
数据分析师,独立日,15k-30k,2019-11-22 17:06:24,372901,上海跃橙文化传播有限公司,50-150人,B轮,移动互联网,不限,杨浦区,
数据分析师,Soul App,20k-40k,2019-11-22 09:48:29,126457,上海任意门科技有限公司,150-500人,C轮,"社交,文娱丨内容",本科,浦东新区,
高级/资深数据挖掘工程师,字节跳动,30k-60k,2019-10-30 23:47:52,62,北京字节跳动科技有限公司,2000人以上,C轮,文娱丨内容,本科,闵行区,
数据挖掘高级工程师,字节跳动,20k-40k,2019-10-30 23:42:50,62,北京字节跳动科技有限公司,2000人以上,C轮,文娱丨内容,本科,徐汇区,
（高级）用户数据挖掘工程师,字节跳动,30k-60k,2019-10-30 23:47:57,62,北京字节跳动科技有限公司,2000人以上,C轮,文娱丨内容,本科,闵行区,
数据分析师,箱箱物流,20k-25k,2019-11-22 16:12:32,74220,上海箱箱物流科技有限公司,150-500人,C轮,消费生活,本科,闵行区,
数据开发工程师,众标智能科技,10k-15k,2019-11-22 14:33:03,38786,北京众标智能科技有限公司上海分公司,50-150人,A轮,"电商,企业服务",本科,宝山区,"['庙行', '张庙', '长江西路']"
positionName,companyShortName,salary,createTime,companyId,companyFullName,companySize,financeStage,industryField,education,district,businessZones
推荐算法工程师,小象优品,25k-50k,2019-11-22 16:59:19,202633,北京源石云科技有限公司上海分公司,500-2000人,C轮,"移动互联网,电商",大专,徐汇区,"['漕宝路', '漕河泾', '漕宝路', '漕河泾', '漕宝路']"
策略运营专家/高级专家(J10496),哈啰出行,30k-45k,2019-11-22 17:39:49,164989,上海钧正网络科技有限公司,2000人以上,D轮及以上,"移动互联网,硬件",本科,闵行区,
商业/经营分析专家(J10468),哈啰出行,30k-40k,2019-11-22 17:39:49,164989,上海钧正网络科技有限公司,2000人以上,D轮及以上,"移动互联网,硬件",本科,闵行区,
大数据研发专家（团队负责人）,斗象科技,20k-40k,2019-11-22 19:23:41,33219,上海斗象信息科技有限公司,150-500人,B轮,信息安全,本科,浦东新区,
产品实习生Intern,arvato China,1k-2k,2019-11-22 17:25:11,14033,上海贝塔斯曼商业服务有限公司,2000人以上,不需要融资,"广告营销,数据服务",本科,静安区,
算法工程师,飞书互动,15k-30k,2019-11-22 18:50:20,75423,飞书数字科技（上海）有限公司,150-500人,A轮,"社交,广告营销",本科,长宁区,
数据科学家/算法工程师,HARB,20k-40k,2019-11-22 14:07:42,116876,哈步数据科技（上海）有限公司,50-150人,B轮,企业服务,本科,徐汇区,"['田林', '漕河泾', '虹桥']"
资深数值策划,FunPlus 趣加游戏,15k-30k,2019-11-22 14:03:30,13321,北京趣加科技有限公司,500-2000人,B轮,游戏,本科,徐汇区,"['虹梅路', '田林', '漕河泾']"
搜索推荐平台负责人,彩贝壳,40k-70k,2019-11-22 17:31:43,69466,上海绘享网络科技有限公司,150-500人,B轮,移动互联网,本科,长宁区,"['新华路', '天山路', '虹桥']"
商业数据分析师,HARB,10k-16k,2019-11-22 14:07:41,116876,哈步数据科技（上海）有限公司,50-150人,B轮,企业服务,本科,徐汇区,
高级数据分析师,Hypers,25k-40k,2019-11-22 14:58:36,24102,上海宏路数据技术股份有限公司,50-150人,上市公司,移动互联网,本科,虹口区,"['四平路', '四川北路', '东宝兴路']"
大数据架构师,Hypers,25k-40k,2019-11-22 14:58:38,24102,上海宏路数据技术股份有限公司,50-150人,上市公司,移动互联网,本科,虹口区,"['四平路', '四川北路', '东宝兴路']"
数据科学家,探知数据,40k-80k,2019-11-22 15:24:54,163790,上海勃池信息技术有限公司,50-150人,A轮,"金融,数据服务",本科,静安区,
数据产品经理,探知数据,18k-35k,2019-11-22 15:24:54,163790,上海勃池信息技术有限公司,50-150人,A轮,"金融,数据服务",硕士,静安区,
项目经理（上海）,安恒信息,12k-20k,2019-11-22 13:52:43,6462,杭州安恒信息技术股份有限公司,500-2000人,D轮及以上,"信息安全,数据服务",本科,长宁区,"['中山公园', '镇宁路']"
positionName,companyShortName,salary,createTime,companyId,companyFullName,companySize,financeStage,industryField,education,district,businessZones
数据分析师,趣头条,25k-50k,2019-11-21 11:46:47,202104,上海基分文化传播有限公司,500-2000人,上市公司,文娱丨内容,本科,浦东新区,
数据分析师,亚朵集团,20k-30k,2019-11-19 17:21:35,453703,上海亚朵商业管理（集团）股份有限公司,2000人以上,不需要融资,"旅游,消费生活",本科,闵行区,['虹桥']
资深数据挖掘工程师-用户画像,字节跳动,25k-50k,2019-10-30 23:52:51,62,北京字节跳动科技有限公司,2000人以上,C轮,文娱丨内容,本科,闵行区,
大数据挖掘技术专家-核心广告系统,字节跳动,25k-50k,2019-10-30 23:44:27,62,北京字节跳动科技有限公司,2000人以上,C轮,文娱丨内容,本科,徐汇区,
数据分析与挖掘,易居克而瑞,8k-10k,2019-11-15 09:51:45,9553,易居企业（中国）集团有限公司,500-2000人,上市公司,"移动互联网,消费生活",本科,闸北区,"['闸北公园', '延长路']"
数据分析师,零机科技,15k-30k,2019-11-20 08:57:32,178695,北京至上泽思信息技术有限公司,50-150人,不需要融资,"数据服务,企业服务",本科,黄浦区,"['人民广场', '南京东路', '外滩']"
高级数据分析师,河姆渡电子商务有限公司,18k-30k,2019-11-23 16:38:09,139645,上海河姆渡实业发展有限公司,500-2000人,A轮,电商,本科,浦东新区,"['世纪公园', '花木', '龙阳路地铁']"
数据开发工程师,亚朵集团,20k-30k,2019-11-19 17:21:35,453703,上海亚朵商业管理（集团）股份有限公司,2000人以上,不需要融资,"旅游,消费生活",本科,闵行区,['虹桥']
数据开发工程师,TRADE X （上海）,25k-35k,2019-11-19 10:34:23,581678,天思（上海）国际贸易有限公司,50-150人,不需要融资,"金融,汽车丨出行",本科,徐汇区,['徐家汇']
数据分析师,华鑫股份,10k-20k,2019-11-15 11:33:57,760014,上海华鑫股份有限公司,50-150人,上市公司,"金融,人工智能",本科,徐汇区,"['徐家汇', '岳阳', '龙华']"
数据开发工程师,字节跳动,20k-30k,2019-11-12 15:08:46,62,北京字节跳动科技有限公司,2000人以上,C轮,文娱丨内容,本科,闵行区,
数据分析师,齐数科技（上海）有限公司,15k-20k,2019-11-18 10:22:27,40852,齐数科技（上海）有限公司,50-150人,未融资,"移动互联网,文娱丨内容",本科,徐汇区,"['徐家汇', '漕河泾', '龙华']"
数据分析师,波克科技,11k-22k,2019-11-14 09:46:03,82939753,波克科技股份有限公司,500-2000人,D轮及以上,游戏,本科,普陀区,['长征']
数据分析师（数据运营）,驰骛科技ChiefClouds,10k-20k,2019-11-22 16:58:09,122296,上海驰骛信息科技有限公司,50-150人,A轮,"数据服务,移动互联网",本科,徐汇区,
手游数据分析师,五四互娱,12k-20k,2019-11-22 10:08:32,492325,重庆五四科技（集团）有限公司,150-500人,未融资,游戏,本科,浦东新区,
positionName,companyShortName,salary,createTime,companyId,companyFullName,companySize,financeStage,industryField,education,district,businessZones
数据分析师,掌门1对1在线教育,15k-25k,2019-11-13 14:58:50,60054,上海掌小门教育科技有限公司,2000人以上,D轮及以上,"移动互联网,教育",本科,虹口区,"['四平路', '四川北路', '临平路', '虹口足球场']"
数据分析师,百融云创,15k-30k,2019-11-19 17:07:50,73043,百融云创科技股份有限公司,500-2000人,C轮,金融,本科,浦东新区,"['梅园', '陆家嘴', '八佰伴']"
数据分析师,波克科技,10k-15k,2019-11-13 11:20:59,82939753,波克科技股份有限公司,500-2000人,D轮及以上,游戏,本科,普陀区,['长征']
数据科学家,饿了么,35k-70k,2019-11-08 16:29:57,51480,拉扎斯网络科技（上海）有限公司,2000人以上,D轮及以上,消费生活,硕士,普陀区,"['长征', '金沙江路', '长风公园']"
高级数据分析师,Hypers,25k-40k,2019-11-22 14:58:36,24102,上海宏路数据技术股份有限公司,50-150人,上市公司,移动互联网,本科,虹口区,"['四平路', '四川北路', '东宝兴路']"
数据分析师/数据科学家,创略科技,20k-35k,2019-11-22 14:15:24,202989,创络（上海）数据科技有限公司,150-500人,B轮,"数据服务,广告营销",本科,虹口区,
资深数据分析师,沐瞳游戏,25k-45k,2019-11-21 17:55:19,64705,上海沐瞳科技有限公司,500-2000人,不需要融资,游戏,不限,闵行区,"['万源城', '漕宝路', '东兰路']"
资深数据分析师,国泰产险,25k-35k,2019-11-21 16:48:48,172297,国泰财产保险有限责任公司,500-2000人,不需要融资,金融,本科,杨浦区,
数据分析师,掌门集团,20k-35k,2019-11-18 14:34:57,202697,连尚（北京）网络科技有限公司,500-2000人,B轮,"移动互联网,消费生活",本科,浦东新区,
数据分析师,贝壳金服,20k-27k,2019-11-10 16:21:30,168219,贝壳金科控股有限公司,500-2000人,不需要融资,金融,本科,黄浦区,['五里桥']
数据库挖掘工程师,众安保险,25k-40k,2019-11-21 16:16:44,29824,众安在线财产保险股份有限公司,2000人以上,上市公司,金融,本科,虹口区,['北外滩']
数据分析师,掌门1对1在线教育,15k-25k,2019-11-13 14:58:49,60054,上海掌小门教育科技有限公司,2000人以上,D轮及以上,"移动互联网,教育",本科,虹口区,"['四平路', '四川北路', '临平路', '虹口足球场']"
数据分析师,众安保险,25k-35k,2019-11-11 18:21:33,29824,众安在线财产保险股份有限公司,2000人以上,上市公司,金融,本科,黄浦区,
数据科学家（上海）,CraiditX,20k-30k,2019-11-22 16:50:51,110641,上海氪信信息技术有限公司,50-150人,C轮,人工智能,本科,徐汇区,
数据科学家（上海）,CraiditX,17k-30k,2019-11-22 16:50:50,110641,上海氪信信息技术有限公司,50-150人,C轮,人工智能,本科,徐汇区,
positionName,companyShortName,salary,createTime,companyId,companyFullName,companySize,financeStage,industryField,education,district,businessZones
数据研发,易居克而瑞,15k-25k,2019-11-15 09:51:43,9553,易居企业（中国）集团有限公司,500-2000人,上市公司,"移动互联网,消费生活",本科,闸北区,"['闸北公园', '延长路']"
数据分析师,华扬联众全国数据技术中心（HDTC）,20k-35k,2019-11-08 13:56:06,57628,华扬联众数字技术股份有限公司西安分公司,2000人以上,不需要融资,"数据服务,文娱丨内容",本科,黄浦区,"['南京东路', '人民广场']"
数据分析师,掌门1对1在线教育,15k-25k,2019-11-13 14:58:49,60054,上海掌小门教育科技有限公司,2000人以上,D轮及以上,"移动互联网,教育",本科,虹口区,"['四平路', '四川北路', '东宝兴路']"
数据开发工程师（上海）,数云,15k-20k,2019-11-21 17:54:15,7502,杭州数云信息技术有限公司上海分公司,150-500人,C轮,"企业服务,数据服务",不限,徐汇区,
数据分析师（游戏运营）,哔哩哔哩,12k-18k,2019-11-21 13:38:55,30830,上海哔哩哔哩科技有限公司,2000人以上,上市公司,"移动互联网,文娱丨内容",本科,杨浦区,"['复旦大学', '五角场']"
高级数据分析师,美市科技,15k-20k,2019-11-21 13:27:02,71090,上海美市科技有限公司,50-150人,A轮,"移动互联网,社交",本科,徐汇区,['岳阳']
数据工程师,澎湃新闻,15k-30k,2019-11-11 15:08:13,28702,上海东方报业有限公司,150-500人,未融资,"移动互联网,文娱丨内容",本科,静安区,
数据分析师,携程,15k-30k,2019-11-06 13:18:00,6636,携程计算机技术（上海）有限公司,2000人以上,上市公司,旅游,本科,长宁区,['北新泾']
模型数据分析师 (MJ000055),信用飞/首付游,15k-25k,2019-11-21 10:02:39,22897,上海晓途网络科技有限公司,150-500人,B轮,移动互联网,本科,长宁区,
数据分析,巴乐兔,10k-16k,2019-11-22 15:09:36,51951,上海万间信息技术有限公司,2000人以上,C轮,移动互联网,本科,浦东新区,['张江']
数据分析,FREE BRIO,10k-20k,2019-11-22 17:05:24,498569,随机漫步（上海）体育科技有限公司,50-150人,A轮,"电商,文娱丨内容",本科,徐汇区,
数据算法负责人,善诊,50k-95k,2019-11-15 17:29:39,62815,善诊（上海）信息技术有限公司,150-500人,C轮,"移动互联网,医疗丨健康",硕士,浦东新区,
2612DC-大数据算法工程师,平安租赁,6k-9k,2019-11-23 00:00:17,140240,平安国际融资租赁有限公司,500-2000人,不需要融资,金融,本科,浦东新区,
资深数据分析师,GeexFinance,10k-20k,2019-11-18 11:07:57,37850,即科金融信息服务（上海）有限公司,150-500人,A轮,金融,本科,杨浦区,
高级数据产品经理,善诊,25k-50k,2019-11-15 17:29:40,62815,善诊（上海）信息技术有限公司,150-500人,C轮,"移动互联网,医疗丨健康",硕士,浦东新区,
positionName,companyShortName,salary,createTime,companyId,companyFullName,companySize,financeStage,industryField,education,district,businessZones
数据分析师,字节跳动,8k-15k,2019-10-28 22:43:31,62,北京字节跳动科技有限公司,2000人以上,C轮,文娱丨内容,本科,徐汇区,
数据分析工程师,招商银行—出行易,15k-25k,2019-11-22 09:37:06,37009,上海招赢电子商务有限责任公司,150-500人,不需要融资,电商,本科,浦东新区,
数据分析师,浦发信用卡,15k-25k,2019-11-13 09:23:14,152356,上海浦东发展银行股份有限公司信用卡中心,2000人以上,上市公司,金融,本科,浦东新区,"['塘桥', '花木', '陆家嘴']"
广告-数据策略分析师,爱奇艺,15k-30k,2019-11-22 10:50:25,1686,北京奇艺世纪科技有限公司,2000人以上,上市公司,文娱丨内容,本科,长宁区,"['华漕', '长征']"
数据分析师（游戏）,哔哩哔哩,10k-12k,2019-11-18 17:24:54,30830,上海哔哩哔哩科技有限公司,2000人以上,上市公司,"移动互联网,文娱丨内容",本科,杨浦区,"['复旦大学', '五角场']"
游戏舆情数据分析师,上海米哈游,15k-30k,2019-11-22 13:38:04,7872,上海米哈游网络科技股份有限公司,500-2000人,不需要融资,"移动互联网,游戏",本科,徐汇区,
11122I-LT-312-NLP算法工程师,平安科技,25k-50k,2019-11-23 00:00:09,24748,平安科技（深圳）有限公司,2000人以上,不需要融资,金融,硕士,浦东新区,"['梅园', '陆家嘴', '八佰伴']"
数据分析专家,威斯科技,20k-40k,2019-11-22 18:55:00,473950,威斯科技（苏州）有限公司,50-150人,未融资,移动互联网,本科,闵行区,
数据科学家/算法工程师,HARB,20k-40k,2019-11-22 14:07:42,116876,哈步数据科技（上海）有限公司,50-150人,B轮,企业服务,本科,徐汇区,"['田林', '漕河泾', '虹桥']"
数据分析,光点科技,9k-13k,2019-11-22 14:10:28,121359,广州光点信息科技有限公司,50-150人,未融资,"移动互联网,数据服务",本科,虹口区,['北外滩']
资深数据分析师（社区运营方向）,毒App,20k-40k,2019-11-22 10:25:07,407096,上海识装信息科技有限公司,500-2000人,B轮,"移动互联网,电商",本科,杨浦区,['延吉']
高级数据分析师,百融云创,15k-20k,2019-11-19 17:07:52,73043,百融云创科技股份有限公司,500-2000人,C轮,金融,本科,浦东新区,
资深数据开发工程师,触宝,25k-35k,2019-11-19 10:39:52,7030,上海触乐信息科技有限公司,500-2000人,上市公司,"移动互联网,数据服务",本科,闵行区,
商业数据分析师,HARB,10k-16k,2019-11-22 14:07:41,116876,哈步数据科技（上海）有限公司,50-150人,B轮,企业服务,本科,徐汇区,
高级数据分析师,Oriente,25k-40k,2019-11-15 18:09:31,426357,傲冉信息技术（上海）有限公司,500-2000人,B轮,"移动互联网,金融",本科,黄浦区,['陆家嘴']
positionName,companyShortName,salary,createTime,companyId,companyFullName,companySize,financeStage,industryField,education,district,businessZones
高级数据分析师,找钢网,20k-40k,2019-11-14 11:28:17,342032,上海找钢网信息科技股份有限公司,500-2000人,D轮及以上,"移动互联网,电商",本科,杨浦区,['江湾']
高级数据分析师,长投学堂,15k-30k,2019-11-21 10:42:56,48086,上海昌投网络科技有限公司,150-500人,A轮,移动互联网,本科,浦东新区,
数据分析师,毒App,20k-30k,2019-11-04 09:42:21,407096,上海识装信息科技有限公司,500-2000人,B轮,"移动互联网,电商",不限,虹口区,['广中路']
商业数据分析总监（BAD）,驰骛科技ChiefClouds,20k-40k,2019-11-22 16:58:09,122296,上海驰骛信息科技有限公司,50-150人,A轮,"数据服务,移动互联网",本科,徐汇区,"['虹梅路', '漕河泾']"
Plus数据分析,京东集团,20k-30k,2019-11-20 17:58:29,18139,北京京东世纪贸易有限公司,2000人以上,上市公司,电商,本科,长宁区,['北新泾']
高级数据分析经理,达达-京东到家,30k-50k,2019-11-20 15:10:09,32836,达疆网络科技（上海）有限公司,2000人以上,D轮及以上,消费生活,硕士,杨浦区,"['平凉路', '江浦路']"
数据运营分析师,掌门1对1在线教育,15k-30k,2019-11-23 15:42:39,60054,上海掌小门教育科技有限公司,2000人以上,D轮及以上,"移动互联网,教育",本科,虹口区,"['北外滩', '江湾']"
2521DF-数据分析岗,陆金所,13k-20k,2019-11-23 00:00:27,51662,上海陆家嘴国际金融资产交易市场股份有限公司,2000人以上,B轮,金融,本科,浦东新区,
数据分析师-BI(J10453),震坤行,15k-25k,2019-11-22 17:00:46,68340,震坤行工业超市（上海）有限公司,500-2000人,D轮及以上,电商,本科,浦东新区,['张江']
游戏数据分析师（海外）,上海米哈游,15k-30k,2019-11-22 13:38:05,7872,上海米哈游网络科技股份有限公司,500-2000人,不需要融资,"移动互联网,游戏",本科,徐汇区,
商业数据分析师,还呗-智能信贷领先者,20k-30k,2019-11-22 10:40:52,109625,上海数禾信息科技有限公司,500-2000人,B轮,金融,本科,浦东新区,['张江']
数据分析工程师,GeexFinance,10k-20k,2019-11-18 11:07:57,37850,即科金融信息服务（上海）有限公司,150-500人,A轮,金融,大专,杨浦区,
数据平台开发工程师,腾讯,20k-35k,2019-11-21 10:17:34,451,腾讯科技（深圳）有限公司,2000人以上,上市公司,社交,本科,徐汇区,"['漕宝路', '漕河泾']"
游戏数据分析,上海米哈游,20k-40k,2019-11-22 13:38:06,7872,上海米哈游网络科技股份有限公司,500-2000人,不需要融资,"移动互联网,游戏",本科,徐汇区,
高级数据分析工程师,携程,15k-25k,2019-11-20 16:43:37,6636,携程计算机技术（上海）有限公司,2000人以上,上市公司,旅游,本科,长宁区,
positionName,companyShortName,salary,createTime,companyId,companyFullName,companySize,financeStage,industryField,education,district,businessZones
高级数据仓库开发工程师,触宝,20k-35k,2019-11-19 10:39:52,7030,上海触乐信息科技有限公司,500-2000人,上市公司,"移动互联网,数据服务",本科,徐汇区,
建模专家（数据商业化部）-上海-01988,同盾科技,30k-50k,2019-11-22 16:20:21,6502,同盾科技有限公司,500-2000人,C轮,"信息安全,数据服务",硕士,徐汇区,['龙华']
广告数据分析师,莉莉丝游戏,15k-25k,2019-11-19 11:51:19,1938,上海莉莉丝科技股份有限公司,500-2000人,不需要融资,"移动互联网,游戏",不限,闵行区,
游戏数据分析师,叠纸游戏,12k-20k,2019-11-04 12:51:24,122560,苏州叠纸网络科技股份有限公司,500-2000人,B轮,游戏,本科,浦东新区,
高级数据模型工程师,还呗-智能信贷领先者,20k-40k,2019-11-22 10:40:53,109625,上海数禾信息科技有限公司,500-2000人,B轮,金融,本科,浦东新区,['张江']
数据仓库工程师,上海丙晟科技有限公司,18k-25k,2019-11-18 11:08:51,532691,上海丙晟科技有限公司,150-500人,未融资,"移动互联网,电商",本科,静安区,
高级数据开发工程师,拼多多,25k-50k,2019-11-05 09:19:25,107784,上海寻梦信息技术有限公司,2000人以上,上市公司,"电商,移动互联网",本科,长宁区,
风控数据分析,有鱼金融科技,10k-20k,2019-11-22 09:07:05,1738,上海彩亿信息技术有限公司,500-2000人,不需要融资,"移动互联网,金融",本科,徐汇区,
数据分析专家/总监,威斯科技,40k-60k,2019-11-21 11:40:09,473950,威斯科技（苏州）有限公司,50-150人,未融资,移动互联网,本科,闵行区,"['莘庄', '七宝']"
资深数据分析（单车）(J10286),哈啰出行,20k-40k,2019-11-18 15:45:40,164989,上海钧正网络科技有限公司,2000人以上,D轮及以上,"移动互联网,硬件",本科,闵行区,
高级数据分析经理,达达-京东到家,30k-50k,2019-11-22 11:09:41,32836,达疆网络科技（上海）有限公司,2000人以上,D轮及以上,消费生活,本科,杨浦区,"['平凉路', '江浦路']"
资深AI/数据产品经理,途虎养车网,40k-50k,2019-11-21 16:58:34,36009,上海阑途信息技术有限公司,2000人以上,D轮及以上,汽车丨出行,本科,闵行区,"['南方商城', '莘庄', '古美', '梅陇']"
数据分析经理,掌门1对1在线教育,15k-30k,2019-11-20 10:15:10,60054,上海掌小门教育科技有限公司,2000人以上,D轮及以上,"移动互联网,教育",本科,虹口区,"['北外滩', '江湾']"
高级商业数据分析师,复星,20k-40k,2019-11-19 16:43:10,314707,上海云济信息科技有限公司,2000人以上,上市公司,"消费生活,金融",本科,徐汇区,['漕河泾']
数据仓库研发工程师,拼多多,20k-40k,2019-11-05 09:19:26,107784,上海寻梦信息技术有限公司,2000人以上,上市公司,"电商,移动互联网",本科,长宁区,"['天山路', '虹桥', '古北']"
positionName,companyShortName,salary,createTime,companyId,companyFullName,companySize,financeStage,industryField,education,district,businessZones
高级数据分析师,韩创科技,12k-18k,2019-10-31 09:16:57,4112,上海韩创网络科技有限公司,500-2000人,不需要融资,"移动互联网,文娱丨内容",本科,浦东新区,"['南码头', '临沂路', '六里']"
数据运营主管,上海百秋,10k-15k,2019-11-22 09:08:20,90602,上海百秋电子商务有限公司,500-2000人,未融资,"电商,企业服务",本科,长宁区,
商业化数据分析师,字节跳动,20k-40k,2019-11-08 10:24:08,62,北京字节跳动科技有限公司,2000人以上,C轮,文娱丨内容,本科,徐汇区,
资深数据分析师,威斯科技,30k-50k,2019-11-05 16:24:50,473950,威斯科技（苏州）有限公司,50-150人,未融资,移动互联网,本科,杨浦区,['长阳路']
到店技术-高级系统开发工程师-数据业务,美团点评,25k-35k,2019-11-18 10:24:54,50702,北京三快在线科技有限公司,2000人以上,上市公司,消费生活,本科,长宁区,
软件开发工程师（大数据方向）,上海农商银行,20k-30k,2019-11-23 14:57:20,602834,上海农村商业银行股份有限公司,500-2000人,不需要融资,金融,本科,浦东新区,
数据分析师（风险建模）,冰鉴科技,20k-40k,2019-11-13 10:54:51,93049,上海冰鉴信息科技有限公司,150-500人,C轮,"信息安全,数据服务",本科,浦东新区,['八佰伴']
算法工程师,360,25k-50k,2019-11-04 11:17:13,436,奇虎360科技有限公司,2000人以上,上市公司,信息安全,硕士,虹口区,['北外滩']
BI数据工程师,GeexFinance,10k-15k,2019-11-18 11:07:57,37850,即科金融信息服务（上海）有限公司,150-500人,A轮,金融,本科,杨浦区,
数据分析专员,掌门1对1在线教育,15k-25k,2019-11-13 14:58:50,60054,上海掌小门教育科技有限公司,2000人以上,D轮及以上,"移动互联网,教育",本科,虹口区,"['四平路', '四川北路', '临平路', '虹口足球场']"
数据专家 - 数据仓库组,饿了么,25k-50k,2019-10-24 22:36:33,51480,拉扎斯网络科技（上海）有限公司,2000人以上,D轮及以上,消费生活,本科,普陀区,
数据建模经理（金融科技）,交银企服,20k-30k,2019-11-12 15:28:40,95051,交银企业管理服务（上海）有限公司张江高科技园区分公司,2000人以上,上市公司,"移动互联网,金融",本科,长宁区,"['天山路', '虹桥', '古北']"
高级算法专家,360,40k-50k,2019-11-04 11:17:13,436,奇虎360科技有限公司,2000人以上,上市公司,信息安全,本科,虹口区,['北外滩']
数据运营专家(J11830),哈啰出行,25k-50k,2019-11-18 15:45:41,164989,上海钧正网络科技有限公司,2000人以上,D轮及以上,"移动互联网,硬件",本科,闵行区,['莘庄']
榜单数据运营(J19556),携程,10k-20k,2019-11-19 14:13:34,6636,携程计算机技术（上海）有限公司,2000人以上,上市公司,旅游,本科,长宁区,"['北新泾', '长征', '金沙江路']"
positionName,companyShortName,salary,createTime,companyId,companyFullName,companySize,financeStage,industryField,education,district,businessZones
数据建模工程师,上海金亥,10k-20k,2019-11-03 15:08:25,129103,上海金亥通信设备有限公司,50-150人,不需要融资,"企业服务,数据服务",本科,浦东新区,
数据分析-LX,掌门集团,20k-25k,2019-10-29 11:49:04,202697,连尚（北京）网络科技有限公司,500-2000人,B轮,"移动互联网,消费生活",不限,浦东新区,
资深数据分析经理,交银企服,25k-50k,2019-11-12 15:28:28,95051,交银企业管理服务（上海）有限公司张江高科技园区分公司,2000人以上,上市公司,"移动互联网,金融",本科,长宁区,"['天山路', '虹桥', '古北']"
数据分析leader,上海腾聘,35k-65k,2019-11-03 12:03:14,446277,上海腾聘企业管理咨询有限公司,50-150人,B轮,"移动互联网,数据服务",本科,浦东新区,['张江']
数据运营,零境网络,10k-15k,2019-11-12 16:17:59,45552,上海零境网络科技有限公司,50-150人,不需要融资,游戏,大专,徐汇区,"['虹梅路', '田林', '漕河泾']"
商业化-H5前端工程师,小红书,25k-50k,2019-11-23 00:48:28,6542,行吟信息科技（上海）有限公司,500-2000人,D轮及以上,消费生活,本科,黄浦区,
运营数据分析,日本犬印本铺中国唯一正规代理,7k-10k,2019-11-13 10:05:56,207912,上海龙婴本铺服装设计有限公司,50-150人,不需要融资,"移动互联网,电商",本科,黄浦区,['城隍庙']
广告优化师（游戏）,噗嗤游戏,10k-18k,2019-11-23 09:39:38,155561,上海噗呲网络科技有限公司,15-50人,不需要融资,"游戏,社交",大专,徐汇区,['漕河泾']
产品经理,Student.com,15k-25k,2019-11-22 18:32:04,66398,江曲投资咨询（上海）有限公司,150-500人,C轮,电商,本科,静安区,"['同乐坊', '西康路', '江宁路']"
云计算开发工程师 (MJ000010),星环科技,20k-35k,2019-11-22 17:28:52,27962,星环信息科技（上海）有限公司,150-500人,C轮,数据服务,本科,徐汇区,
NLP算法工程师,MDC,20k-30k,2019-11-22 16:31:24,28708,北京移数通电讯有限公司,50-150人,B轮,移动互联网,本科,杨浦区,"['四平路', '鞍山']"
大数据技术专家,圆通,30k-60k,2019-11-22 16:31:54,29211,圆通速递有限公司,2000人以上,上市公司,物流丨运输,本科,青浦区,
算法工程师,NextTao 互道信息,18k-30k,2019-11-22 15:37:05,56474,互道信息技术（上海）有限公司,50-150人,B轮,"移动互联网,电商",本科,浦东新区,['张江']
高级大数据开发工程师,圆通,15k-30k,2019-11-22 16:31:56,29211,圆通速递有限公司,2000人以上,上市公司,物流丨运输,本科,青浦区,
游戏产品运营（数据分析方向）,字节跳动,20k-40k,2019-11-23 17:10:24,62,北京字节跳动科技有限公司,2000人以上,C轮,文娱丨内容,本科,浦东新区,
positionName,companyShortName,salary,createTime,companyId,companyFullName,companySize,financeStage,industryField,education,district,businessZones
高级大数据开发工程师,驰骛科技ChiefClouds,25k-35k,2019-11-22 16:58:11,122296,上海驰骛信息科技有限公司,50-150人,A轮,"数据服务,移动互联网",本科,徐汇区,['漕河泾']
大数据开发工程师,上海意鹰信息技术有限公司,11k-16k,2019-11-22 16:22:17,479937,上海意鹰信息技术有限公司,150-500人,B轮,"移动互联网,企业服务",本科,徐汇区,['虹梅路']
爬虫工程师,千寻位置,15k-30k,2019-11-22 10:48:14,99397,千寻位置网络有限公司,150-500人,不需要融资,移动互联网,不限,杨浦区,
大数据开发工程师,上海永辉超市有限公司,20k-40k,2019-11-23 11:15:50,498390,上海永辉超市有限公司,2000人以上,上市公司,企业服务,本科,闵行区,['华漕']
推荐算法工程师,比心陪练,35k-55k,2019-11-23 10:06:57,47993,上海鱼泡泡信息科技有限公司,500-2000人,B轮,社交,本科,徐汇区,
​资深算法（智能调度/派单）工程师,比心陪练,30k-55k,2019-11-23 10:06:56,47993,上海鱼泡泡信息科技有限公司,500-2000人,B轮,社交,本科,徐汇区,
风控模型工程师,探知数据,18k-35k,2019-11-22 15:24:54,163790,上海勃池信息技术有限公司,50-150人,A轮,"金融,数据服务",本科,静安区,
资深用户运营,趣头条,20k-35k,2019-11-21 16:29:32,202104,上海基分文化传播有限公司,500-2000人,上市公司,文娱丨内容,本科,浦东新区,
算法工程师,河姆渡电子商务有限公司,20k-40k,2019-11-23 16:38:09,139645,上海河姆渡实业发展有限公司,500-2000人,A轮,电商,本科,浦东新区,"['世纪公园', '花木']"
NPL自然语言处理工程师,探知数据,18k-25k,2019-11-22 15:24:56,163790,上海勃池信息技术有限公司,50-150人,A轮,"金融,数据服务",本科,杨浦区,"['长阳路', '周家嘴路', '平凉路']"
大数据架构师,Hypers,25k-40k,2019-11-22 14:58:38,24102,上海宏路数据技术股份有限公司,50-150人,上市公司,移动互联网,本科,虹口区,"['四平路', '四川北路', '东宝兴路']"
高级算法工程师,达达-京东到家,20k-30k,2019-11-22 11:09:41,32836,达疆网络科技（上海）有限公司,2000人以上,D轮及以上,消费生活,硕士,杨浦区,"['平凉路', '江浦路']"
算法工程师,萨摩耶金服,18k-30k,2019-11-22 09:47:14,73604,深圳萨摩耶互联网金融服务有限公司,150-500人,C轮,金融,本科,浦东新区,
高级搜索算法工程师,玖粤科技,25k-50k,2019-11-23 19:17:03,541825,上海玖粤网络科技有限公司,50-150人,未融资,"移动互联网,企业服务",本科,浦东新区,['张江']
点评APP-高级算法工程师／算法专家,美团点评,30k-50k,2019-11-23 10:02:16,50702,北京三快在线科技有限公司,2000人以上,上市公司,消费生活,本科,长宁区,
positionName,companyShortName,salary,createTime,companyId,companyFullName,companySize,financeStage,industryField,education,district,businessZones
26216Q-AI风控建模经理,平安租赁,20k-30k,2019-11-23 00:00:16,140240,平安国际融资租赁有限公司,500-2000人,不需要融资,金融,硕士,浦东新区,
1121SH-TED商业分析师,平安科技,15k-30k,2019-11-23 00:00:13,24748,平安科技（深圳）有限公司,2000人以上,不需要融资,金融,本科,徐汇区,
大数据研发专家（团队负责人）,斗象科技,20k-40k,2019-11-22 19:23:41,33219,上海斗象信息科技有限公司,150-500人,B轮,信息安全,本科,浦东新区,
高级运营分析,UCloud,10k-20k,2019-11-22 18:36:50,165,优刻得科技股份有限公司,500-2000人,D轮及以上,企业服务,本科,杨浦区,
java开发工程师,奥解思,12k-18k,2019-11-22 17:59:43,753590,奥解思信息科技（上海）有限公司,500-2000人,上市公司,金融,本科,浦东新区,['张江']
策略运营专家/高级专家(J10496),哈啰出行,30k-45k,2019-11-22 17:39:49,164989,上海钧正网络科技有限公司,2000人以上,D轮及以上,"移动互联网,硬件",本科,闵行区,
高级推荐算法工程师,彩贝壳,20k-40k,2019-11-22 17:31:42,69466,上海绘享网络科技有限公司,150-500人,B轮,移动互联网,本科,长宁区,"['中山公园', '虹桥']"
产品实习生Intern,arvato China,1k-2k,2019-11-22 17:25:11,14033,上海贝塔斯曼商业服务有限公司,2000人以上,不需要融资,"广告营销,数据服务",本科,静安区,
高级大数据开发工程师,驰骛科技ChiefClouds,25k-35k,2019-11-22 16:58:10,122296,上海驰骛信息科技有限公司,50-150人,A轮,"数据服务,移动互联网",本科,徐汇区,"['虹梅路', '漕河泾']"
ETL工程师,商涌网络,15k-25k,2019-11-22 15:55:37,303426,上海商涌网络科技有限公司,50-150人,A轮,数据服务,本科,浦东新区,
反作弊算法工程师,东方新闻,35k-70k,2019-11-22 14:51:38,170297,上海嵩恒网络科技股份有限公司,500-2000人,不需要融资,"文娱丨内容,社交",本科,浦东新区,"['张江', '唐镇']"
风险建模工程师,萨摩耶金服,15k-30k,2019-11-22 09:47:14,73604,深圳萨摩耶互联网金融服务有限公司,150-500人,C轮,金融,本科,浦东新区,
资深产品经理,引粒网络,20k-40k,2019-11-23 11:38:34,82908897,引粒网络科技（上海）有限公司,15-50人,天使轮,社交,本科,黄浦区,['五里桥']
产品经理（用户增长）,引粒网络,15k-25k,2019-11-23 11:38:34,82908897,引粒网络科技（上海）有限公司,15-50人,天使轮,社交,本科,黄浦区,['五里桥']
高级算法工程师,噗嗤游戏,15k-30k,2019-11-23 09:39:38,155561,上海噗呲网络科技有限公司,15-50人,不需要融资,"游戏,社交",本科,徐汇区,['漕河泾']
positionName,companyShortName,salary,createTime,companyId,companyFullName,companySize,financeStage,industryField,education,district,businessZones
2521EO-AI算法建模经理,陆金所,20k-40k,2019-11-23 00:00:27,51662,上海陆家嘴国际金融资产交易市场股份有限公司,2000人以上,B轮,金融,硕士,浦东新区,
高级Java/专家,蚂蚁金服集团,25k-50k,2019-11-22 22:31:25,153849,支付宝（杭州）信息技术有限公司,2000人以上,B轮,"金融,移动互联网",本科,黄浦区,['城隍庙']
BI产品经理,问卷网@爱调研,20k-30k,2019-11-22 18:34:07,22481,上海众言网络科技有限公司,150-500人,C轮,移动互联网,本科,徐汇区,
产品经理,2144游戏,20k-40k,2019-11-22 18:04:27,133485,上海剑圣网络科技有限公司,150-500人,不需要融资,"移动互联网,游戏",本科,浦东新区,['张江']
风控模型开发工程师,联众金融,15k-20k,2019-11-22 17:58:09,272198,上海曌扬汽车服务有限公司,500-2000人,B轮,金融,不限,浦东新区,"['陆家嘴', '八佰伴']"
搜索推荐平台负责人,彩贝壳,40k-70k,2019-11-22 17:31:43,69466,上海绘享网络科技有限公司,150-500人,B轮,移动互联网,本科,长宁区,"['新华路', '天山路', '虹桥']"
推荐算法工程师,小象优品,25k-50k,2019-11-22 16:59:19,202633,北京源石云科技有限公司上海分公司,500-2000人,C轮,"移动互联网,电商",大专,徐汇区,"['漕宝路', '漕河泾', '漕宝路', '漕河泾', '漕宝路']"
爬虫工程师,小象优品,15k-30k,2019-11-22 16:59:19,202633,北京源石云科技有限公司上海分公司,500-2000人,C轮,"移动互联网,电商",大专,徐汇区,"['漕宝路', '漕河泾', '漕宝路', '漕河泾', '漕宝路']"
Java开发工程师,蚂蚁金服集团,23k-46k,2019-11-22 16:47:35,153849,支付宝（杭州）信息技术有限公司,2000人以上,B轮,"金融,移动互联网",本科,浦东新区,
nlp算法（智能客服类研发）,MDC,20k-30k,2019-11-22 16:31:24,28708,北京移数通电讯有限公司,50-150人,B轮,移动互联网,本科,杨浦区,"['四平路', '鞍山']"
搜索研发高级工程师,百联全渠道电商,16k-32k,2019-11-22 16:09:42,71514,百联全渠道电子商务有限公司,500-2000人,不需要融资,"电商,消费生活",本科,黄浦区,"['外滩', '城隍庙', '金陵东路']"
中级算法工程师,NextTao 互道信息,20k-30k,2019-11-22 15:37:06,56474,互道信息技术（上海）有限公司,50-150人,B轮,"移动互联网,电商",本科,浦东新区,['张江']
初级算法工程师,NextTao 互道信息,15k-30k,2019-11-22 15:37:05,56474,互道信息技术（上海）有限公司,50-150人,B轮,"移动互联网,电商",本科,浦东新区,['张江']
搜索算法工程师,达观数据,18k-30k,2019-11-22 10:23:15,97882,达而观信息科技（上海）有限公司,150-500人,B轮,人工智能,硕士,浦东新区,
搜索算法工程师,寿盈网络,20k-40k,2019-11-23 11:44:01,82778211,上海寿盈网络科技有限公司,50-150人,未融资,"信息安全,软件开发",不限,嘉定区,['南翔']
positionName,companyShortName,salary,createTime,companyId,companyFullName,companySize,financeStage,industryField,education,district,businessZones
Weride—Infra Engineer,文远知行,20k-40k,2019-11-23 11:15:47,380151,广州文远知行科技有限公司,150-500人,A轮,"移动互联网,企业服务",本科,浦东新区,['陆家嘴']
022320-运营分析岗,平安人寿,15k-25k,2019-11-23 00:00:23,140014,中国平安人寿保险股份有限公司,2000人以上,上市公司,金融,硕士,浦东新区,
0223T6-大数据开发工程师（大数据）,平安人寿,20k-30k,2019-11-23 00:00:23,140014,中国平安人寿保险股份有限公司,2000人以上,上市公司,金融,本科,浦东新区,
052191-大数据开发工程师（经纪业务）,平安证券,15k-30k,2019-11-23 00:00:19,164,平安证券股份有限公司,2000人以上,上市公司,金融,本科,徐汇区,
高级/ 资深算法工程师（预测）--2871,爱奇艺,30k-60k,2019-11-22 23:51:32,1686,北京奇艺世纪科技有限公司,2000人以上,上市公司,文娱丨内容,本科,长宁区,
用户增长运营--2815,爱奇艺,15k-30k,2019-11-22 23:51:05,1686,北京奇艺世纪科技有限公司,2000人以上,上市公司,文娱丨内容,本科,长宁区,
算法工程师,飞书互动,15k-30k,2019-11-22 18:50:20,75423,飞书数字科技（上海）有限公司,150-500人,A轮,"社交,广告营销",本科,长宁区,
算法工程师,趣头条,25k-50k,2019-11-22 17:59:02,202104,上海基分文化传播有限公司,500-2000人,上市公司,文娱丨内容,本科,浦东新区,['张江']
高级内容产品经理,蜻蜓FM,20k-30k,2019-11-22 14:38:34,30816,上海倾听信息技术有限公司,150-500人,D轮及以上,移动互联网,不限,浦东新区,
大数据开发工程师,索思数据,10k-20k,2019-11-22 13:55:34,402263,上海索思数据科技有限公司,50-150人,A轮,"数据服务,信息安全",本科,徐汇区,"['斜土路', '徐家汇', '枫林路']"
算法工程师,途虎养车网,10k-20k,2019-11-21 16:58:34,36009,上海阑途信息技术有限公司,2000人以上,D轮及以上,汽车丨出行,本科,闵行区,"['古美', '南方商城', '梅陇']"
量化研究员,同步聚点,25k-50k,2019-11-23 00:05:21,85709714,深圳同步聚点科技有限公司,15-50人,不需要融资,"金融,人工智能",本科,浦东新区,['陆家嘴']
大数据开发工程师（Python）,树融科技,15k-29k,2019-11-22 15:26:32,289817,上海树融数据科技有限公司,15-50人,天使轮,"企业服务,数据服务",本科,杨浦区,['五角场']
（2019校招可转正）算法工程师实习生,蜻蜓FM,4k-6k,2019-11-22 14:38:36,30816,上海倾听信息技术有限公司,150-500人,D轮及以上,移动互联网,硕士,浦东新区,"['陆家嘴', '塘桥', '花木']"
运营专家,千寻位置,19k-30k,2019-11-22 10:48:12,99397,千寻位置网络有限公司,150-500人,不需要融资,移动互联网,本科,杨浦区,
positionName,companyShortName,salary,createTime,companyId,companyFullName,companySize,financeStage,industryField,education,district,businessZones
资深算法工程师,天壤智能,20k-40k,2019-11-22 10:36:10,240153,上海天壤智能科技有限公司,150-500人,A轮,"移动互联网,企业服务",本科,徐汇区,['龙华']
算法工程师（NLP),天壤智能,25k-50k,2019-11-21 21:13:01,240153,上海天壤智能科技有限公司,150-500人,A轮,"移动互联网,企业服务",硕士,徐汇区,['龙华']
2621F0-大数据算法工程师,平安租赁,10k-15k,2019-11-23 00:00:15,140240,平安国际融资租赁有限公司,500-2000人,不需要融资,金融,本科,浦东新区,
高级前端开发工程师,UCloud,15k-30k,2019-11-22 18:36:51,165,优刻得科技股份有限公司,500-2000人,D轮及以上,企业服务,本科,杨浦区,
算法工程师,索思数据,20k-30k,2019-11-22 13:55:34,402263,上海索思数据科技有限公司,50-150人,A轮,"数据服务,信息安全",本科,徐汇区,"['斜土路', '徐家汇', '枫林路']"
自然语言处理,天壤智能,20k-40k,2019-11-22 10:36:11,240153,上海天壤智能科技有限公司,150-500人,A轮,"移动互联网,企业服务",本科,徐汇区,['龙华']
业务分析及策略优化专家（私有云）-上海-01883,同盾科技,35k-55k,2019-11-22 16:20:23,6502,同盾科技有限公司,500-2000人,C轮,"信息安全,数据服务",硕士,徐汇区,"['斜土路', '枫林路', '龙华']"
初级算法工程师,商涌网络,10k-20k,2019-11-22 15:55:36,303426,上海商涌网络科技有限公司,50-150人,A轮,数据服务,本科,浦东新区,
资深大数据工程师（数据仓库ETL）,飞牛网（大润发网上商城）,25k-30k,2019-11-22 13:40:14,27476,上海飞牛集达电子商务有限公司,2000人以上,不需要融资,"移动互联网,电商",本科,闸北区,"['场中路', '汶水路', '共和新路']"
模型开发专家-风控,信用飞/首付游,20k-35k,2019-11-21 10:02:40,22897,上海晓途网络科技有限公司,150-500人,B轮,移动互联网,本科,长宁区,
Jave架构师,寅客网络,25k-38k,2019-11-22 18:41:57,51357,上海寅客网络科技有限公司,150-500人,不需要融资,"企业服务,消费生活",大专,徐汇区,"['斜土路', '徐家汇', '枫林路']"
风控建模-中国-01687,同盾科技,20k-35k,2019-11-22 16:20:23,6502,同盾科技有限公司,500-2000人,C轮,"信息安全,数据服务",硕士,徐汇区,"['斜土路', '枫林路', '龙华']"
APP投放项目经理,上海星艋,10k-20k,2019-11-22 15:45:27,190543,上海星艋信息技术有限公司,150-500人,天使轮,"企业服务,广告营销",不限,闵行区,"['漕宝路', '虹桥', '静安新城']"
产品经理(前台),携程,15k-25k,2019-11-22 14:45:53,6636,携程计算机技术（上海）有限公司,2000人以上,上市公司,旅游,本科,长宁区,"['北新泾', '长征', '金沙江路']"
Java工程师/专家/架构师【上海/杭州】,蚂蚁金服集团,25k-50k,2019-11-22 14:38:37,153849,支付宝（杭州）信息技术有限公司,2000人以上,B轮,"金融,移动互联网",本科,浦东新区,"['陆家嘴', '梅园']"
positionName,companyShortName,salary,createTime,companyId,companyFullName,companySize,financeStage,industryField,education,district,businessZones
互联网产品经理/总监,高顿教育集团,25k-50k,2019-11-22 14:23:55,132691,上海高顿教育培训有限公司,2000人以上,C轮,教育,本科,虹口区,"['凉城', '虹口足球场']"
大数据架构师,创略科技,25k-50k,2019-11-22 14:15:23,202989,创络（上海）数据科技有限公司,150-500人,B轮,"数据服务,广告营销",本科,青浦区,['徐泾']
资深数值策划,FunPlus 趣加游戏,15k-30k,2019-11-22 14:03:30,13321,北京趣加科技有限公司,500-2000人,B轮,游戏,本科,徐汇区,"['虹梅路', '田林', '漕河泾']"
用户增长产品经理,Soul App,20k-35k,2019-11-22 11:31:14,126457,上海任意门科技有限公司,150-500人,C轮,"社交,文娱丨内容",本科,浦东新区,
算法工程师,明略科技集团,15k-30k,2019-11-22 11:20:26,13171,秒针信息技术有限公司,2000人以上,D轮及以上,"数据服务,广告营销",本科,长宁区,"['新华路', '上海影城']"
智能推荐引擎算法科学家(J10329),明略科技集团,25k-45k,2019-11-22 11:20:24,13171,秒针信息技术有限公司,2000人以上,D轮及以上,"数据服务,广告营销",不限,长宁区,"['新华路', '上海影城']"
爬虫工程师,小象优品,15k-25k,2019-11-22 10:40:44,202633,北京源石云科技有限公司上海分公司,500-2000人,C轮,"移动互联网,电商",本科,徐汇区,"['漕宝路', '漕河泾', '漕宝路', '漕河泾', '漕宝路']"
高级APP产品经理,东方新闻,20k-30k,2019-11-22 10:30:11,170297,上海嵩恒网络科技股份有限公司,500-2000人,不需要融资,"文娱丨内容,社交",本科,浦东新区,"['张江', '唐镇']"
B端产品经理,新萌网络,15k-25k,2019-11-22 10:01:23,82793910,上海新萌网络科技有限公司,150-500人,不需要融资,社交,本科,浦东新区,['张江']
产品运营岗（火车票业务）,招商银行—出行易,10k-20k,2019-11-22 09:37:06,37009,上海招赢电子商务有限责任公司,150-500人,不需要融资,电商,本科,浦东新区,
高级产品经理（TOB方向）,G7,25k-40k,2019-11-22 09:36:25,2696,北京汇通天下物联科技有限公司,500-2000人,C轮,"移动互联网,数据服务",本科,闵行区,"['龙柏', '七宝', '虹桥']"
陪玩项目运营经理,捞月狗,8k-12k,2019-11-21 19:09:23,46792,上海竟跃网络科技有限公司,50-150人,C轮,移动互联网,本科,徐汇区,
高级Java开发工程师,国泰产险,25k-35k,2019-11-21 16:48:48,172297,国泰财产保险有限责任公司,500-2000人,不需要融资,金融,本科,杨浦区,
营销产品经理,爱抢购&好食期&觅食蜂,10k-20k,2019-11-21 16:23:58,23912,上海多维度网络科技股份有限公司,150-500人,C轮,"电商,消费生活",本科,徐汇区,"['漕宝路', '漕河泾', '上海南站']"
用户运营,收钱吧,7k-12k,2019-11-21 15:03:54,20669,上海喔噻互联网科技有限公司,500-2000人,C轮,移动互联网,本科,普陀区,
positionName,companyShortName,salary,createTime,companyId,companyFullName,companySize,financeStage,industryField,education,district,businessZones
BI报表开发,奥解思,15k-30k,2019-11-21 13:03:46,753590,奥解思信息科技（上海）有限公司,500-2000人,上市公司,金融,本科,浦东新区,"['张江', '金桥']"
高级爬虫工程师,虎博科技,15k-30k,2019-11-22 14:45:25,314923,上海虎烨信息科技有限公司,50-150人,A轮,"移动互联网,金融",本科,长宁区,
海外APP用户增长运营,虎博科技,15k-30k,2019-11-22 14:45:25,314923,上海虎烨信息科技有限公司,50-150人,A轮,"移动互联网,金融",本科,长宁区,
搜索开发工程师,趣头条,25k-50k,2019-11-22 14:17:49,202104,上海基分文化传播有限公司,500-2000人,上市公司,文娱丨内容,本科,浦东新区,['张江']
人工智能开发工程师,CAROTA科络达,25k-40k,2019-11-22 10:23:41,523048,上海科络达云软件技术有限公司,50-150人,不需要融资,"移动互联网,物联网",本科,徐汇区,['上海南站']
广告策略算法专家,触宝,30k-55k,2019-11-21 17:57:03,7030,上海触乐信息科技有限公司,500-2000人,上市公司,"移动互联网,数据服务",本科,徐汇区,
大数据科学家,印闪科技,20k-40k,2019-11-21 15:43:32,199130,上海印闪网络科技有限公司,150-500人,A轮,"移动互联网,金融",硕士,徐汇区,
策略开发专家,信用飞/首付游,20k-35k,2019-11-21 10:02:40,22897,上海晓途网络科技有限公司,150-500人,B轮,移动互联网,本科,长宁区,
项目经理（上海）,安恒信息,12k-20k,2019-11-22 13:52:43,6462,杭州安恒信息技术股份有限公司,500-2000人,D轮及以上,"信息安全,数据服务",本科,长宁区,"['中山公园', '镇宁路']"
用户增长专家,圈外,15k-30k,2019-11-22 13:25:53,205709,上海晓圈教育科技有限公司,150-500人,天使轮,"移动互联网,教育",本科,长宁区,"['周家桥', '中山公园', '虹桥']"
产品运营岗（旅游）,招商银行—出行易,10k-20k,2019-11-22 09:37:06,37009,上海招赢电子商务有限责任公司,150-500人,不需要融资,电商,本科,浦东新区,
推荐算法工程师,Rela热拉-多元女性社区,15k-30k,2019-11-21 18:46:50,40729,上海初生网络科技有限公司,50-150人,B轮,"移动互联网,社交",本科,虹口区,['四川北路']
大数据开发工程师,么么直播,20k-30k,2019-11-21 13:47:13,34331,上海星艾网络科技有限公司,50-150人,不需要融资,"移动互联网,社交",本科,闵行区,
网络金融总部--大数据产品经理岗,申万宏源证券有限公司,30k-60k,2019-11-20 20:16:55,53291,申万宏源证券有限公司,2000人以上,上市公司,金融,硕士,徐汇区,
算法工程师,码上赢,30k-40k,2019-11-23 18:08:01,442174,北京码上赢科技有限公司,50-150人,A轮,"移动互联网,企业服务",硕士,杨浦区,['五角场']
positionName,companyShortName,salary,createTime,companyId,companyFullName,companySize,financeStage,industryField,education,district,businessZones
高级java工程师,安畅网络,18k-25k,2019-11-22 11:36:08,42318,上海安畅网络科技股份有限公司,150-500人,上市公司,"电商,数据服务",本科,宝山区,"['庙行', '共富新村', '顾村']"
游戏AI算法专家,网易,60k-90k,2019-11-22 11:12:54,329,网易（杭州）网络有限公司,2000人以上,上市公司,电商,硕士,徐汇区,"['虹梅路', '田林', '漕河泾']"
算法工程师-（反作弊）(J11972),2345.com,40k-60k,2019-11-22 08:49:20,6082,上海二三四五网络科技有限公司,500-2000人,上市公司,"数据服务,移动互联网",本科,浦东新区,
推荐算法工程师（识货）,虎扑,50k-80k,2019-11-21 20:10:58,1145,虎扑（上海）文化传播股份有限公司,500-2000人,D轮及以上,"移动互联网,文娱丨内容",本科,杨浦区,['延吉']
聊天室业务经理,捞月狗,8k-15k,2019-11-21 19:09:24,46792,上海竟跃网络科技有限公司,50-150人,C轮,移动互联网,本科,徐汇区,
1121R3-量化策略分析师（上海）,平安科技,15k-30k,2019-11-23 00:00:10,24748,平安科技（深圳）有限公司,2000人以上,不需要融资,金融,硕士,浦东新区,
大数据分析经理15-20K,六更,15k-20k,2019-11-22 17:51:57,86108239,上海六更网络科技有限公司,50-150人,未融资,企业服务,本科,宝山区,
大数据开发工程师,51JOB,12k-24k,2019-11-22 11:17:13,293540,前锦网络信息技术（上海）有限公司,2000人以上,上市公司,"移动互联网,企业服务",硕士,浦东新区,['张江']
Java Engineer(Data),斐珞尔,12k-20k,2019-11-22 09:37:43,152926,斐珞尔（上海）贸易有限公司,150-500人,未融资,"电商,消费生活",本科,徐汇区,['徐家汇']
算法工程师,脉景,18k-30k,2019-11-21 14:42:01,256236,脉景（杭州）健康管理有限公司,15-50人,不需要融资,"医疗丨健康,数据服务",硕士,浦东新区,"['张江', '唐镇']"
大数据总监,友塔游戏,50k-100k,2019-11-21 13:04:09,148343,上海友塔网络科技有限公司,500-2000人,不需要融资,游戏,本科,长宁区,"['天山路', '虹桥', '古北']"
大数据负责人,友塔游戏,50k-100k,2019-11-21 13:04:08,148343,上海友塔网络科技有限公司,500-2000人,不需要融资,游戏,本科,长宁区,"['天山路', '虹桥', '古北']"
腾讯云解决方案架构师【区域】,腾讯,40k-60k,2019-11-21 10:17:34,451,腾讯科技（深圳）有限公司,2000人以上,上市公司,社交,本科,徐汇区,"['漕宝路', '漕河泾']"
策略分析师 (MJ000042),信用飞/首付游,18k-30k,2019-11-21 10:02:40,22897,上海晓途网络科技有限公司,150-500人,B轮,移动互联网,本科,长宁区,
上海业务安全-策略算法专家,美团点评,35k-45k,2019-11-21 09:27:03,50702,北京三快在线科技有限公司,2000人以上,上市公司,消费生活,本科,长宁区,
positionName,companyShortName,salary,createTime,companyId,companyFullName,companySize,financeStage,industryField,education,district,businessZones
社区运营经理,樊登读书,15k-25k,2019-11-20 17:30:14,76379,上海黄豆网络科技有限公司,150-500人,C轮,"移动互联网,教育",本科,长宁区,"['天山路', '虹桥', '古北']"
BI需求顾问,数云,15k-20k,2019-11-21 17:54:15,7502,杭州数云信息技术有限公司上海分公司,150-500人,C轮,"企业服务,数据服务",不限,徐汇区,"['龙华', '上海体育场', '万体馆']"
大数据开发负责人,长投学堂,35k-60k,2019-11-21 10:42:55,48086,上海昌投网络科技有限公司,150-500人,A轮,移动互联网,本科,浦东新区,['张江']
平台运营负责人,扑克财经,18k-25k,2019-11-21 09:42:09,72318,上海耀璞信息技术有限公司,15-50人,A轮,"移动互联网,金融",本科,浦东新区,
网络金融总部-AI算法产品经理,申万宏源证券有限公司,30k-60k,2019-11-20 20:16:55,53291,申万宏源证券有限公司,2000人以上,上市公司,金融,硕士,徐汇区,
资深算法工程师,聪盛网络,20k-40k,2019-11-20 17:52:56,234804,上海聪盛网络科技有限公司,150-500人,A轮,"游戏,移动互联网",本科,闵行区,
推荐算法工程师(中级 高级 资深）,殷德营销策划,30k-60k,2019-11-20 16:13:31,82959546,上海殷德营销策划有限公司,500-2000人,A轮,人工智能 房产家居,本科,徐汇区,['徐家汇']
市场推广与合作负责人,HelloTalk,20k-24k,2019-11-20 16:11:35,37160,深圳市天创进科技有限公司,50-150人,A轮,"移动互联网,教育",本科,静安区,['曹家渡']
搜索算法（中级、高级、资深）,殷德营销策划,30k-60k,2019-11-20 15:43:50,82959546,上海殷德营销策划有限公司,500-2000人,A轮,人工智能 房产家居,本科,徐汇区,['徐家汇']
Java高级开发工程师,新数,10k-15k,2019-11-20 15:04:13,47386,上海新数网络科技股份有限公司,50-150人,不需要融资,"移动互联网,数据服务",本科,杨浦区,"['周家嘴路', '长阳路', '外滩']"
数据库开发工程师,想出网络科技,12k-15k,2019-11-21 10:21:57,547846,想出网络科技（上海）有限公司,50-150人,天使轮,"移动互联网,电商",不限,长宁区,['中山公园']
大数据开发工程师,树融科技,15k-29k,2019-11-21 09:37:27,289817,上海树融数据科技有限公司,15-50人,天使轮,"企业服务,数据服务",本科,杨浦区,['五角场']
游戏AI算法专家,网易,40k-80k,2019-11-21 13:54:42,329,网易（杭州）网络有限公司,2000人以上,上市公司,电商,硕士,徐汇区,"['虹梅路', '田林', '漕河泾']"
AI负责人,上海科发,30k-60k,2019-11-21 09:17:28,501424,上海科技发展有限公司,50-150人,不需要融资,数据服务,博士,徐汇区,['漕河泾']
Java后端开发工程师,坚果云,20k-40k,2019-11-20 13:50:36,55021,上海亦存网络科技有限公司,50-150人,不需要融资,"企业服务,数据服务",本科,浦东新区,['张江']
positionName,companyShortName,salary,createTime,companyId,companyFullName,companySize,financeStage,industryField,education,district,businessZones
大数据架构研发工程师,晶赞科技Zamplus,30k-60k,2019-11-22 18:07:48,22321,上海晶赞融宣科技有限公司,150-500人,D轮及以上,"数据服务,文娱丨内容",本科,闸北区,['共和新路']
算法专家/高级工程师,众安保险,28k-55k,2019-11-20 14:09:07,29824,众安在线财产保险股份有限公司,2000人以上,上市公司,金融,本科,黄浦区,"['南京东路', '外滩']"
反欺诈策略分析师,同程旅游金融业务,10k-20k,2019-11-20 13:52:45,381796,上海引旅金融信息服务有限公司,150-500人,不需要融资,"移动互联网,金融",本科,浦东新区,['陆家嘴']
初级java开发工程师,零机科技,15k-30k,2019-11-20 08:57:33,178695,北京至上泽思信息技术有限公司,50-150人,不需要融资,"数据服务,企业服务",本科,黄浦区,"['人民广场', '南京东路', '外滩']"
风险模型师,零机科技,20k-40k,2019-11-20 08:57:32,178695,北京至上泽思信息技术有限公司,50-150人,不需要融资,"数据服务,企业服务",本科,黄浦区,"['人民广场', '南京东路', '外滩']"
深度学习/计算机视觉研究员,商汤科技,20k-40k,2019-11-21 10:42:45,40459,北京市商汤科技开发有限公司,2000人以上,C轮,人工智能,硕士,徐汇区,
高级Java开发工程师,坚果云,20k-40k,2019-11-20 13:50:35,55021,上海亦存网络科技有限公司,50-150人,不需要融资,"企业服务,数据服务",本科,浦东新区,"['张江', '北蔡']"
技术经理/架构师,飞榴科技,20k-30k,2019-11-19 15:50:11,152100,飞榴（上海）信息科技有限公司,50-150人,A轮,"移动互联网,数据服务",本科,浦东新区,['张江']
高级算法研发,比心陪练,28k-45k,2019-11-16 14:05:46,47993,上海鱼泡泡信息科技有限公司,500-2000人,B轮,社交,本科,徐汇区,"['虹梅路', '漕宝路', '漕河泾']"
机器学习算法工程师,小红书,20k-40k,2019-11-20 14:31:04,6542,行吟信息科技（上海）有限公司,500-2000人,D轮及以上,消费生活,本科,黄浦区,"['新天地', '复兴中路', '复兴公园']"
高级运营策划（SLG）,莉莉丝游戏,15k-25k,2019-11-19 11:51:17,1938,上海莉莉丝科技股份有限公司,500-2000人,不需要融资,"移动互联网,游戏",本科,闵行区,
产品经理,商帆,12k-23k,2019-11-18 15:56:45,134184,上海商帆信息科技有限公司,150-500人,B轮,移动互联网,大专,徐汇区,"['徐家汇', '交通大学']"
后端开发工程师,飞榴科技,10k-20k,2019-11-19 15:50:12,152100,飞榴（上海）信息科技有限公司,50-150人,A轮,"移动互联网,数据服务",本科,浦东新区,['张江']
全栈工程师,飞榴科技,25k-35k,2019-11-19 15:50:11,152100,飞榴（上海）信息科技有限公司,50-150人,A轮,"移动互联网,数据服务",本科,浦东新区,['张江']
短视频运营经理,九曳电商,15k-30k,2019-11-13 09:29:19,109692,上海九曳电子商务有限公司,500-2000人,C轮,"移动互联网,电商",本科,嘉定区,['丰庄']
positionName,companyShortName,salary,createTime,companyId,companyFullName,companySize,financeStage,industryField,education,district,businessZones
算法交易实习岗位,上海挖易,5k-8k,2019-11-20 15:36:51,152663,上海挖易网络科技有限公司,150-500人,未融资,电商,本科,徐汇区,"['虹梅路', '田林', '漕河泾']"
【技术总监（云端团队）】,neucore,40k-55k,2019-11-20 14:51:49,467616,上海锘科智能科技有限公司,15-50人,天使轮,"硬件,移动互联网",本科,浦东新区,['花木']
高级Python开发,坚果云,20k-40k,2019-11-20 13:50:37,55021,上海亦存网络科技有限公司,50-150人,不需要融资,"企业服务,数据服务",本科,浦东新区,
机器学习开发工程师,Gridsum 国双,15k-25k,2019-11-20 09:48:32,3038,北京国双科技有限公司,500-2000人,上市公司,"数据服务,企业服务",本科,静安区,"['静安寺', '南京西路', '北京西路']"
资深云平台开发工程师 (MJ000073),商米,30k-40k,2019-11-20 09:39:58,126467,上海商米科技集团股份有限公司,500-2000人,D轮及以上,消费生活,本科,杨浦区,"['复旦大学', '五角场']"
AI开发工程师,上海科发,8k-16k,2019-11-21 09:17:28,501424,上海科技发展有限公司,50-150人,不需要融资,数据服务,硕士,徐汇区,"['漕河泾', '漕宝路', '上海南站']"
java开发高级工程师,远景智能,30k-50k,2019-11-18 11:12:36,757720,上海远景科创智能科技有限公司,500-2000人,不需要融资,"人工智能,物联网",本科,长宁区,['中山公园']
BI工程师,齐数科技（上海）有限公司,12k-17k,2019-11-19 18:31:59,40852,齐数科技（上海）有限公司,50-150人,未融资,"移动互联网,文娱丨内容",大专,徐汇区,"['徐家汇', '漕河泾', '龙华']"
股市学院内容策划,叶檀财经,12k-23k,2019-11-19 18:30:53,176757,上海檀香文化咨询有限公司,50-150人,A轮,金融,本科,闵行区,['七宝']
TS-人工智能与机器学习工程师,顺丰科技有限公司,20k-40k,2019-11-13 19:07:44,35996,顺丰科技有限公司,2000人以上,不需要融资,物流丨运输,硕士,虹口区,"['北外滩', '江湾']"
项目运营专家（食品安全）,饿了么,25k-40k,2019-11-13 15:43:11,51480,拉扎斯网络科技（上海）有限公司,2000人以上,D轮及以上,消费生活,本科,普陀区,"['长征', '曹杨', '金沙江路']"
算法交易实习,上海挖易,5k-8k,2019-11-20 15:36:51,152663,上海挖易网络科技有限公司,150-500人,未融资,电商,本科,徐汇区,"['虹梅路', '田林', '漕河泾']"
风控负责人,掌门集团,60k-80k,2019-11-15 14:38:30,202697,连尚（北京）网络科技有限公司,500-2000人,B轮,"移动互联网,消费生活",本科,浦东新区,
风控建模专家,点融,30k-50k,2019-11-15 09:42:10,23177,上海点融信息科技有限责任公司,150-500人,D轮及以上,金融,硕士,黄浦区,"['五里桥', '打浦桥', '制造局路']"
搜索引擎,巴乐兔,20k-40k,2019-11-14 10:56:57,51951,上海万间信息技术有限公司,2000人以上,C轮,移动互联网,本科,浦东新区,"['张江', '花木', '北蔡']"
positionName,companyShortName,salary,createTime,companyId,companyFullName,companySize,financeStage,industryField,education,district,businessZones
数据挖掘,The NetCircle,18k-25k,2019-11-25 13:04:12,4670,人英网络（上海）有限公司,50-150人,不需要融资,"社交,数据服务",本科,普陀区,"['长寿路', '中山北路', '武宁路']"
数据挖掘工程师,众标智能科技,15k-20k,2019-11-25 13:32:24,38786,北京众标智能科技有限公司上海分公司,50-150人,A轮,"电商,企业服务",本科,宝山区,"['庙行', '张庙', '长江西路']"
数据挖掘与模型分析师,萨摩耶金服,20k-40k,2019-11-25 09:30:46,73604,深圳萨摩耶互联网金融服务有限公司,150-500人,C轮,金融,本科,浦东新区,
数据挖掘工程师,同程艺龙,25k-50k,2019-11-25 10:39:31,3564,同程网络科技股份有限公司,2000人以上,上市公司,旅游,本科,普陀区,"['长征', '梅川路', '金沙江路']"
数据挖掘工程师,宜家,20k-40k,2019-11-21 10:00:28,560057,宜家（中国）投资有限公司,2000人以上,不需要融资,消费生活,本科,徐汇区,"['田林', '漕河泾', '龙华']"
数据挖掘工程师,微创软件,13k-18k,2019-11-25 09:51:13,124652,上海微创软件股份有限公司,2000人以上,不需要融资,"企业服务,移动互联网",本科,徐汇区,['龙华']
数据挖掘工程师,华策,15k-30k,2019-11-25 11:14:21,200377,深圳华策辉弘科技有限公司,50-150人,未融资,移动互联网,本科,浦东新区,['洋泾']
数据挖掘工程师,虎扑,15k-25k,2019-11-25 09:42:17,1145,虎扑（上海）文化传播股份有限公司,500-2000人,D轮及以上,"移动互联网,文娱丨内容",本科,杨浦区,['延吉']
数据挖掘工程师,仁辉科技,13k-20k,2019-11-25 08:47:04,213202,银川仁辉信息科技有限公司,50-150人,不需要融资,金融,本科,浦东新区,['张江']
数据挖掘,毒App,15k-25k,2019-11-04 09:42:21,407096,上海识装信息科技有限公司,500-2000人,B轮,"移动互联网,电商",本科,杨浦区,
数据挖掘（开发工程师）,易居克而瑞,10k-15k,2019-11-15 09:51:43,9553,易居企业（中国）集团有限公司,500-2000人,上市公司,"移动互联网,消费生活",本科,闸北区,"['闸北公园', '延长路']"
数据挖掘工程师(J11048),明略科技集团,15k-25k,2019-11-22 11:20:25,13171,秒针信息技术有限公司,2000人以上,D轮及以上,"数据服务,广告营销",本科,静安区,['曹家渡']
高级算法-数据挖掘工程师,商涌网络,25k-50k,2019-11-25 09:38:31,303426,上海商涌网络科技有限公司,50-150人,A轮,数据服务,本科,浦东新区,
数据挖掘工程师,上海纯米电子科技,10k-20k,2019-11-22 15:12:03,151142,上海纯米电子科技有限公司,150-500人,C轮,"移动互联网,电商",大专,浦东新区,['张江']
数据挖掘工程师,趋曼信息,12k-22k,2019-11-22 14:38:01,143981,趋曼信息技术（上海）有限公司,15-50人,不需要融资,"电商,企业服务",本科,徐汇区,['虹梅路']
positionName,companyShortName,salary,createTime,companyId,companyFullName,companySize,financeStage,industryField,education,district,businessZones
数据挖掘工程师(上海),极光,15k-30k,2019-11-22 13:20:24,917,深圳市和讯华谷信息技术有限公司,500-2000人,上市公司,企业服务,本科,普陀区,
数据挖掘专家,途虎养车网,30k-45k,2019-11-25 11:22:55,36009,上海阑途信息技术有限公司,2000人以上,D轮及以上,汽车丨出行,本科,闵行区,"['南方商城', '莘庄', '古美', '梅陇']"
数据挖掘工程师,Rela热拉-多元女性社区,12k-24k,2019-11-21 18:46:50,40729,上海初生网络科技有限公司,50-150人,B轮,"移动互联网,社交",本科,黄浦区,"['海宁路', '四川北路']"
数据挖掘工程师,千寻位置,20k-40k,2019-11-22 10:48:14,99397,千寻位置网络有限公司,150-500人,不需要融资,移动互联网,硕士,杨浦区,
数据挖掘工程师,波克科技,10k-15k,2019-11-13 11:20:58,82939753,波克科技股份有限公司,500-2000人,D轮及以上,游戏,本科,普陀区,['长征']
数据挖掘工程师（金融科技）,交银企服,10k-20k,2019-11-12 15:28:21,95051,交银企业管理服务（上海）有限公司张江高科技园区分公司,2000人以上,上市公司,"移动互联网,金融",本科,长宁区,"['天山路', '虹桥', '古北']"
数据挖掘工程师,拼多多,25k-50k,2019-11-05 09:19:21,107784,上海寻梦信息技术有限公司,2000人以上,上市公司,"电商,移动互联网",本科,长宁区,
数据挖掘工程师,字节跳动,20k-40k,2019-10-30 23:55:51,62,北京字节跳动科技有限公司,2000人以上,C轮,文娱丨内容,本科,浦东新区,
数据挖掘助理工程师,众标智能科技,10k-15k,2019-11-25 13:32:24,38786,北京众标智能科技有限公司上海分公司,50-150人,A轮,"电商,企业服务",本科,宝山区,"['庙行', '张庙', '长江西路']"
数据挖掘工程师,嘉晟卓成新能源,25k-50k,2019-11-05 14:41:47,84514692,南京嘉晟卓成新能源科技有限公司,150-500人,不需要融资,"通讯电子,软件开发",本科,浦东新区,
数据挖掘与机器学习算法工程师,字节跳动,25k-50k,2019-11-03 00:41:25,62,北京字节跳动科技有限公司,2000人以上,C轮,文娱丨内容,本科,徐汇区,
数据挖掘工程师,精锐教育,20k-30k,2019-11-09 10:34:04,112839,上海精学锐信息科技有限公司,2000人以上,上市公司,教育,本科,普陀区,
数据挖掘专家/Leader,趣头条,40k-60k,2019-11-25 10:19:22,202104,上海基分文化传播有限公司,500-2000人,上市公司,文娱丨内容,本科,浦东新区,['张江']
数据挖掘专家,拍拍贷,20k-35k,2019-11-11 14:55:05,6044,上海拍拍贷金融信息服务有限公司,2000人以上,上市公司,金融,不限,浦东新区,
数据挖掘工程师-风控,拼多多,25k-50k,2019-11-05 09:19:19,107784,上海寻梦信息技术有限公司,2000人以上,上市公司,"电商,移动互联网",本科,长宁区,
positionName,companyShortName,salary,createTime,companyId,companyFullName,companySize,financeStage,industryField,education,district,businessZones
数据挖掘算法,趣头条,25k-35k,2019-11-25 10:19:22,202104,上海基分文化传播有限公司,500-2000人,上市公司,文娱丨内容,本科,浦东新区,['张江']
高级数据挖掘工程师,车轮,20k-35k,2019-11-25 10:08:35,34863,上海易点时空网络有限公司,150-500人,C轮,移动互联网,硕士,闵行区,
数据挖掘算法工程师（信贷风控）-01376,同盾科技,10k-20k,2019-11-25 11:22:20,6502,同盾科技有限公司,500-2000人,C轮,"信息安全,数据服务",本科,徐汇区,"['斜土路', '枫林路', '龙华']"
实习数据挖掘工程师（可转正）,字节跳动,4k-8k,2019-10-30 23:55:31,62,北京字节跳动科技有限公司,2000人以上,C轮,文娱丨内容,本科,闵行区,
高级数据挖掘工程师,小赢科技,25k-35k,2019-11-08 15:43:39,24587,深圳市小赢科技有限责任公司,500-2000人,上市公司,金融,本科,虹口区,"['四川北路', '七浦路', '海宁路']"
算法/数据挖掘高级工程师,阅文集团,30k-50k,2019-11-05 10:38:56,28243,上海阅文信息技术有限公司,500-2000人,上市公司,文娱丨内容,本科,浦东新区,['张江']
上海-算法工程师/专家-数据挖掘/推荐算法/广告营销/运筹优化/风控算法,拉勾猎头,25k-50k,2019-11-05 10:50:14,484985,拉勾猎头,500-2000人,D轮及以上,"移动互联网,企业服务",本科,闵行区,['莘庄']
数据挖掘算法专家（算法平台）(J11344),哈啰出行,22k-37k,2019-11-18 15:45:42,164989,上海钧正网络科技有限公司,2000人以上,D轮及以上,"移动互联网,硬件",本科,闵行区,"['莘庄', '七宝']"
点评App部-机器学习/数据挖掘算法专家,美团点评,35k-48k,2019-11-25 10:04:19,50702,北京三快在线科技有限公司,2000人以上,上市公司,消费生活,本科,长宁区,
数据挖掘/机器学习实习生,上海邻我信息技术有限公司,4k-8k,2019-11-24 16:42:06,24099,上海邻我信息技术有限公司,15-50人,天使轮,"移动互联网,社交",本科,徐汇区,
数据挖掘工程师（2020校招）,莉莉丝游戏,10k-20k,2019-11-19 11:51:17,1938,上海莉莉丝科技股份有限公司,500-2000人,不需要融资,"移动互联网,游戏",本科,闵行区,
数据挖掘实习,众标智能科技,3k-4k,2019-11-25 13:32:25,38786,北京众标智能科技有限公司上海分公司,50-150人,A轮,"电商,企业服务",本科,宝山区,"['庙行', '张庙', '长江西路']"
数据挖掘实习生,百度,3k-4k,2019-11-20 14:08:33,1575,百度在线网络技术（北京）有限公司,2000人以上,不需要融资,工具,本科,浦东新区,['张江']
运维数据挖掘专家,千寻位置,30k-60k,2019-11-22 10:48:13,99397,千寻位置网络有限公司,150-500人,不需要融资,移动互联网,本科,杨浦区,
数据挖掘算法工程师,文谷软件,8k-16k,2019-11-19 14:10:55,275077,上海文谷软件有限公司,少于15人,不需要融资,移动互联网,本科,浦东新区,"['张江', '北蔡']"
positionName,companyShortName,salary,createTime,companyId,companyFullName,companySize,financeStage,industryField,education,district,businessZones
通信数据挖掘和分析工程师,诺基亚华诺科技,5k-8k,2019-11-20 16:39:02,280956,湖南华诺科技有限公司,500-2000人,不需要融资,"移动互联网,数据服务",本科,闸北区,"['闸北公园', '共和新路']"
数据挖掘算法工程师（intern01）,MarcPoint,4k-5k,2019-11-04 10:09:38,41486,上海宏原信息科技有限公司,50-150人,A轮,"电商,广告营销",硕士,徐汇区,
Python数据挖掘讲师,上海传智播客,25k-40k,2019-11-21 15:28:20,158357,江苏传智播客教育科技股份有限公司上海分公司,150-500人,上市公司,"移动互联网,教育",本科,浦东新区,['航头']
数据分析开发工程师（数据挖掘/分析方向）,途虎养车网,25k-40k,2019-11-25 11:22:54,36009,上海阑途信息技术有限公司,2000人以上,D轮及以上,汽车丨出行,本科,闵行区,
大数据挖掘开发工程师,上海米哈游,20k-40k,2019-11-25 10:06:07,7872,上海米哈游网络科技股份有限公司,500-2000人,不需要融资,"移动互联网,游戏",本科,徐汇区,
SFJ-大数据挖掘与分析工程师（数据分析方向）,顺丰科技有限公司,25k-50k,2019-10-28 17:23:27,35996,顺丰科技有限公司,2000人以上,不需要融资,物流丨运输,硕士,徐汇区,"['徐家汇', '龙华']"
26124E-数据产品经理,平安租赁,20k-30k,2019-11-25 00:00:16,140240,平安国际融资租赁有限公司,500-2000人,不需要融资,金融,本科,浦东新区,"['唐镇', '金桥']"
数据科学家,探知数据,40k-80k,2019-11-25 13:31:49,163790,上海勃池信息技术有限公司,50-150人,A轮,"金融,数据服务",本科,静安区,
数据产品经理,探知数据,18k-35k,2019-11-25 13:31:48,163790,上海勃池信息技术有限公司,50-150人,A轮,"金融,数据服务",硕士,静安区,
数据产品经理,唯品会,20k-40k,2019-11-25 09:11:18,4760,唯品会（中国）有限公司,2000人以上,上市公司,电商,本科,闵行区,
数据产品经理,问卷网@爱调研,20k-30k,2019-11-25 13:10:48,22481,上海众言网络科技有限公司,150-500人,C轮,移动互联网,本科,徐汇区,
数据工程师,蜻蜓FM,20k-40k,2019-11-25 10:48:55,30816,上海倾听信息技术有限公司,150-500人,D轮及以上,移动互联网,不限,浦东新区,
数据分析师,蜻蜓FM,15k-25k,2019-11-25 10:48:53,30816,上海倾听信息技术有限公司,150-500人,D轮及以上,移动互联网,本科,浦东新区,"['东方路', '塘桥', '潍坊']"
数据分析师,NIO蔚来,18k-25k,2019-11-25 13:53:11,111139,上海蔚来汽车有限公司,2000人以上,上市公司,"移动互联网,硬件",本科,闵行区,
数据开发工程师,众标智能科技,10k-15k,2019-11-25 13:32:25,38786,北京众标智能科技有限公司上海分公司,50-150人,A轮,"电商,企业服务",本科,宝山区,"['庙行', '张庙', '长江西路']"
positionName,companyShortName,salary,createTime,companyId,companyFullName,companySize,financeStage,industryField,education,district,businessZones
数据分析师,极光网络,10k-18k,2019-11-25 12:54:13,52610,上海极光网络科技有限公司,150-500人,上市公司,游戏,本科,嘉定区,['南翔']
数据分析师,掌门1对1在线教育,15k-30k,2019-11-25 10:30:46,60054,上海掌小门教育科技有限公司,2000人以上,D轮及以上,"移动互联网,教育",本科,虹口区,"['北外滩', '江湾']"
数据分析师,零机科技,15k-30k,2019-11-25 09:15:21,178695,北京至上泽思信息技术有限公司,50-150人,不需要融资,"数据服务,企业服务",本科,黄浦区,"['人民广场', '南京东路', '外滩']"
1121SE-TED数据分析师,平安科技,15k-30k,2019-11-25 00:00:10,24748,平安科技（深圳）有限公司,2000人以上,不需要融资,金融,本科,徐汇区,
​数据分析师,至数,5k-10k,2019-11-25 10:23:48,388297,上海至数企业发展有限公司,15-50人,A轮,"数据服务,硬件",本科,徐汇区,"['虹梅路', '田林', '漕河泾']"
数据产品经理,2144游戏,20k-40k,2019-11-25 10:05:29,133485,上海剑圣网络科技有限公司,150-500人,不需要融资,"移动互联网,游戏",本科,浦东新区,['张江']
数据分析师,独立日,15k-25k,2019-11-25 13:49:36,372901,上海跃橙文化传播有限公司,50-150人,B轮,移动互联网,本科,杨浦区,
数据分析师,河姆渡电子商务有限公司,15k-25k,2019-11-25 13:25:56,139645,上海河姆渡实业发展有限公司,500-2000人,A轮,电商,本科,浦东新区,"['世纪公园', '花木', '龙阳路地铁']"
数据分析师,仁辉科技,13k-20k,2019-11-25 08:47:04,213202,银川仁辉信息科技有限公司,50-150人,不需要融资,金融,本科,浦东新区,['张江']
数据分析师,还呗-智能信贷领先者,15k-30k,2019-11-25 13:01:00,109625,上海数禾信息科技有限公司,500-2000人,B轮,金融,本科,浦东新区,['张江']
数据分析师,威斯科技,15k-30k,2019-11-24 15:18:09,473950,威斯科技（苏州）有限公司,50-150人,未融资,移动互联网,本科,杨浦区,
高级/资深数据挖掘工程师,字节跳动,30k-60k,2019-10-30 23:47:52,62,北京字节跳动科技有限公司,2000人以上,C轮,文娱丨内容,本科,闵行区,
数据挖掘高级工程师,字节跳动,20k-40k,2019-10-30 23:42:50,62,北京字节跳动科技有限公司,2000人以上,C轮,文娱丨内容,本科,徐汇区,
（高级）用户数据挖掘工程师,字节跳动,30k-60k,2019-10-30 23:47:57,62,北京字节跳动科技有限公司,2000人以上,C轮,文娱丨内容,本科,闵行区,
数据分析师,平安金服,30k-60k,2019-11-22 17:44:02,161720,深圳平安综合金融服务有限公司,2000人以上,上市公司,金融,本科,浦东新区,
positionName,companyShortName,salary,createTime,companyId,companyFullName,companySize,financeStage,industryField,education,district,businessZones
数据开发工程师,上海意鹰信息技术有限公司,11k-16k,2019-11-22 16:22:17,479937,上海意鹰信息技术有限公司,150-500人,B轮,"移动互联网,企业服务",大专,徐汇区,['虹梅路']
数据分析师,掌门集团,20k-35k,2019-11-25 11:25:55,202697,连尚（北京）网络科技有限公司,500-2000人,B轮,"移动互联网,消费生活",本科,浦东新区,
数据分析师,箱箱物流,20k-25k,2019-11-25 10:54:49,74220,上海箱箱物流科技有限公司,150-500人,C轮,消费生活,本科,闵行区,
25216I-数据科学家,陆金所,13k-26k,2019-11-25 00:00:28,51662,上海陆家嘴国际金融资产交易市场股份有限公司,2000人以上,B轮,金融,本科,浦东新区,"['陆家嘴', '梅园', '外滩']"
数据工程师,澎湃新闻,15k-30k,2019-11-25 10:44:46,28702,上海东方报业有限公司,150-500人,未融资,"移动互联网,文娱丨内容",本科,静安区,
数据科学家,CraiditX,15k-30k,2019-11-22 16:50:51,110641,上海氪信信息技术有限公司,50-150人,C轮,人工智能,本科,徐汇区,
数据分析师,新浪时金,10k-20k,2019-11-22 17:55:08,67810,新浪时金（上海）信息技术有限公司,2000人以上,上市公司,金融,本科,浦东新区,"['东明路', '南码头', '六里']"
数据分析师,京东集团,20k-40k,2019-11-22 16:05:11,18139,北京京东世纪贸易有限公司,2000人以上,上市公司,电商,本科,长宁区,['北新泾']
广告投放数据分析师,上海鹰角网络,10k-15k,2019-11-25 12:19:34,313971,上海鹰角网络科技有限公司,50-150人,不需要融资,游戏,本科,徐汇区,['田林']
数据分析师,亚朵集团,20k-30k,2019-11-19 17:21:35,453703,上海亚朵商业管理（集团）股份有限公司,2000人以上,不需要融资,"旅游,消费生活",本科,闵行区,['虹桥']
资深数据挖掘工程师-用户画像,字节跳动,25k-50k,2019-10-30 23:52:51,62,北京字节跳动科技有限公司,2000人以上,C轮,文娱丨内容,本科,闵行区,
大数据挖掘技术专家-核心广告系统,字节跳动,25k-50k,2019-10-30 23:44:27,62,北京字节跳动科技有限公司,2000人以上,C轮,文娱丨内容,本科,徐汇区,
手游数据分析师,五四互娱,12k-20k,2019-11-25 09:39:07,492325,重庆五四科技（集团）有限公司,150-500人,未融资,游戏,本科,浦东新区,
模型数据分析师 (MJ000055),信用飞/首付游,15k-25k,2019-11-25 10:07:35,22897,上海晓途网络科技有限公司,150-500人,B轮,移动互联网,本科,长宁区,
数据分析师,WESTWELLlab西井科技,10k-15k,2019-11-20 10:24:38,103946,上海西井信息科技有限公司,50-150人,B轮,"数据服务,硬件",硕士,长宁区,"['镇宁路', '江苏路地铁', '中山公园']"
positionName,companyShortName,salary,createTime,companyId,companyFullName,companySize,financeStage,industryField,education,district,businessZones
数据分析师,盛付通,10k-20k,2019-11-22 17:01:23,99341,上海盛付通电子支付服务有限公司,150-500人,不需要融资,"移动互联网,金融",本科,浦东新区,
数据顾问,驰骛科技ChiefClouds,15k-30k,2019-11-22 16:58:09,122296,上海驰骛信息科技有限公司,50-150人,A轮,"数据服务,移动互联网",本科,徐汇区,"['虹梅路', '漕河泾']"
数据产品经理,东方福利网,15k-28k,2019-11-21 10:27:46,239188,上海东福网络科技有限公司,500-2000人,不需要融资,企业服务,本科,长宁区,
数据分析师,GeexFinance,10k-15k,2019-11-18 11:07:56,37850,即科金融信息服务（上海）有限公司,150-500人,A轮,金融,本科,杨浦区,
高级数据分析师,河姆渡电子商务有限公司,18k-30k,2019-11-25 13:25:58,139645,上海河姆渡实业发展有限公司,500-2000人,A轮,电商,本科,浦东新区,"['世纪公园', '花木', '龙阳路地铁']"
数据分析师,Soul App,20k-40k,2019-11-22 09:48:29,126457,上海任意门科技有限公司,150-500人,C轮,"社交,文娱丨内容",本科,浦东新区,
数据分析师,美市科技,10k-15k,2019-11-21 13:27:02,71090,上海美市科技有限公司,50-150人,A轮,"移动互联网,社交",本科,徐汇区,['岳阳']
数据分析师,返利网,10k-20k,2019-11-21 10:07:25,70718,上海中彦信息科技股份有限公司,500-2000人,C轮,电商,本科,徐汇区,
数据开发工程师,亚朵集团,20k-30k,2019-11-19 17:21:35,453703,上海亚朵商业管理（集团）股份有限公司,2000人以上,不需要融资,"旅游,消费生活",本科,闵行区,['虹桥']
数据开发工程师,TRADE X （上海）,25k-35k,2019-11-19 10:34:23,581678,天思（上海）国际贸易有限公司,50-150人,不需要融资,"金融,汽车丨出行",本科,徐汇区,['徐家汇']
数据分析师,华鑫股份,10k-20k,2019-11-15 11:33:57,760014,上海华鑫股份有限公司,50-150人,上市公司,"金融,人工智能",本科,徐汇区,"['徐家汇', '岳阳', '龙华']"
高级数据分析师,韩创科技,12k-18k,2019-11-25 09:34:19,4112,上海韩创网络科技有限公司,500-2000人,不需要融资,"移动互联网,文娱丨内容",本科,浦东新区,"['南码头', '临沂路', '六里']"
数据分析与挖掘,易居克而瑞,8k-10k,2019-11-15 09:51:45,9553,易居企业（中国）集团有限公司,500-2000人,上市公司,"移动互联网,消费生活",本科,闸北区,"['闸北公园', '延长路']"
数据开发工程师,字节跳动,20k-30k,2019-11-12 15:08:46,62,北京字节跳动科技有限公司,2000人以上,C轮,文娱丨内容,本科,闵行区,
数据分析师/数据科学家,创略科技,20k-35k,2019-11-24 22:14:30,202989,创络（上海）数据科技有限公司,150-500人,B轮,"数据服务,广告营销",本科,虹口区,
positionName,companyShortName,salary,createTime,companyId,companyFullName,companySize,financeStage,industryField,education,district,businessZones
高级搜索引擎工程师,西域网,20k-40k,2019-11-25 10:49:11,23481,西域供应链（上海）有限公司,500-2000人,D轮及以上,电商,本科,浦东新区,['张江']
搜索引擎工程师,西域网,20k-40k,2019-11-25 10:49:10,23481,西域供应链（上海）有限公司,500-2000人,D轮及以上,电商,本科,浦东新区,['张江']
Java开发工程师（Solr）(J10108),西域网,15k-25k,2019-11-25 10:49:10,23481,西域供应链（上海）有限公司,500-2000人,D轮及以上,电商,本科,浦东新区,['张江']
资深数据分析师（社区运营方向）,毒App,20k-40k,2019-11-25 10:59:18,407096,上海识装信息科技有限公司,500-2000人,B轮,"移动互联网,电商",本科,杨浦区,['延吉']
Java高级开发工程师,新数,10k-15k,2019-11-25 10:03:39,47386,上海新数网络科技股份有限公司,50-150人,不需要融资,"移动互联网,数据服务",本科,杨浦区,"['周家嘴路', '长阳路', '外滩']"
算法工程师,趣头条,25k-50k,2019-11-25 11:54:56,202104,上海基分文化传播有限公司,500-2000人,上市公司,文娱丨内容,本科,浦东新区,['张江']
产品实习生Intern,arvato China,1k-2k,2019-11-25 09:39:50,14033,上海贝塔斯曼商业服务有限公司,2000人以上,不需要融资,"广告营销,数据服务",本科,静安区,
建模专家（数据商业化部）-上海-01988,同盾科技,30k-50k,2019-11-25 11:22:17,6502,同盾科技有限公司,500-2000人,C轮,"信息安全,数据服务",硕士,徐汇区,['龙华']
数据产品经理,2144游戏,20k-40k,2019-11-25 10:05:29,133485,上海剑圣网络科技有限公司,150-500人,不需要融资,"移动互联网,游戏",本科,浦东新区,['张江']
策略分析leader（信贷风控）-00899,同盾科技,20k-30k,2019-11-25 11:22:16,6502,同盾科技有限公司,500-2000人,C轮,"信息安全,数据服务",本科,徐汇区,"['斜土路', '枫林路', '龙华']"
业务分析及策略优化专家（私有云）-上海-01883,同盾科技,35k-55k,2019-11-25 11:22:15,6502,同盾科技有限公司,500-2000人,C轮,"信息安全,数据服务",硕士,徐汇区,"['斜土路', '枫林路', '龙华']"
策略运营,叮咚买菜,15k-25k,2019-11-25 10:19:10,67860,上海壹佰米网络科技有限公司,2000人以上,B轮,消费生活,本科,浦东新区,"['张江', '花木', '北蔡']"
推荐工程师,澎湃新闻,15k-30k,2019-11-25 10:44:46,28702,上海东方报业有限公司,150-500人,未融资,"移动互联网,文娱丨内容",本科,静安区,
数据工程师,澎湃新闻,15k-30k,2019-11-25 10:44:46,28702,上海东方报业有限公司,150-500人,未融资,"移动互联网,文娱丨内容",本科,静安区,
游戏数据分析,上海米哈游,20k-40k,2019-11-25 10:06:09,7872,上海米哈游网络科技股份有限公司,500-2000人,不需要融资,"移动互联网,游戏",本科,徐汇区,
positionName,companyShortName,salary,createTime,companyId,companyFullName,companySize,financeStage,industryField,education,district,businessZones
数据分析师,掌门1对1在线教育,15k-30k,2019-11-25 10:30:46,60054,上海掌小门教育科技有限公司,2000人以上,D轮及以上,"移动互联网,教育",本科,虹口区,"['北外滩', '江湾']"
用户运营,掌门1对1在线教育,15k-30k,2019-11-25 10:30:45,60054,上海掌小门教育科技有限公司,2000人以上,D轮及以上,"移动互联网,教育",本科,虹口区,"['北外滩', '江湾']"
互联网产品经理/总监,高顿教育集团,25k-50k,2019-11-25 10:35:41,132691,上海高顿教育培训有限公司,2000人以上,C轮,教育,本科,虹口区,"['凉城', '虹口足球场']"
数据分析,光点科技,9k-13k,2019-11-25 11:08:38,121359,广州光点信息科技有限公司,50-150人,未融资,"移动互联网,数据服务",本科,虹口区,['北外滩']
算法工程师,澎湃新闻,15k-30k,2019-11-25 10:44:46,28702,上海东方报业有限公司,150-500人,未融资,"移动互联网,文娱丨内容",硕士,静安区,
nlp算法（智能客服类研发）,MDC,20k-30k,2019-11-25 10:31:45,28708,北京移数通电讯有限公司,50-150人,B轮,移动互联网,本科,杨浦区,"['四平路', '鞍山']"
NLP算法工程师,MDC,20k-30k,2019-11-25 10:31:45,28708,北京移数通电讯有限公司,50-150人,B轮,移动互联网,本科,杨浦区,"['四平路', '鞍山']"
web系统架构师,上海米哈游,30k-60k,2019-11-25 10:06:08,7872,上海米哈游网络科技股份有限公司,500-2000人,不需要融资,"移动互联网,游戏",本科,徐汇区,
游戏数据分析师（海外）,上海米哈游,15k-30k,2019-11-25 10:06:07,7872,上海米哈游网络科技股份有限公司,500-2000人,不需要融资,"移动互联网,游戏",本科,徐汇区,
​数据分析师,至数,5k-10k,2019-11-25 10:23:48,388297,上海至数企业发展有限公司,15-50人,A轮,"数据服务,硬件",本科,徐汇区,"['虹梅路', '田林', '漕河泾']"
风险模型师,零机科技,20k-40k,2019-11-25 09:15:21,178695,北京至上泽思信息技术有限公司,50-150人,不需要融资,"数据服务,企业服务",本科,黄浦区,"['人民广场', '南京东路', '外滩']"
数据分析师,零机科技,15k-30k,2019-11-25 09:15:21,178695,北京至上泽思信息技术有限公司,50-150人,不需要融资,"数据服务,企业服务",本科,黄浦区,"['人民广场', '南京东路', '外滩']"
风控数据分析,有鱼金融科技,10k-20k,2019-11-25 09:50:15,1738,上海彩亿信息技术有限公司,500-2000人,不需要融资,"移动互联网,金融",本科,徐汇区,
广告策略算法专家,触宝,30k-55k,2019-11-25 10:05:18,7030,上海触乐信息科技有限公司,500-2000人,上市公司,"移动互联网,数据服务",本科,徐汇区,
搜索开发工程师,趣头条,25k-50k,2019-11-25 10:18:47,202104,上海基分文化传播有限公司,500-2000人,上市公司,文娱丨内容,本科,浦东新区,['张江']
positionName,companyShortName,salary,createTime,companyId,companyFullName,companySize,financeStage,industryField,education,district,businessZones
游戏舆情数据分析师,上海米哈游,15k-30k,2019-11-25 10:06:07,7872,上海米哈游网络科技股份有限公司,500-2000人,不需要融资,"移动互联网,游戏",本科,徐汇区,
高级数据产品经理,善诊,25k-50k,2019-11-15 17:29:40,62815,善诊（上海）信息技术有限公司,150-500人,C轮,"移动互联网,医疗丨健康",硕士,浦东新区,
游戏数据分析师（海外）,上海米哈游,15k-30k,2019-11-25 10:06:07,7872,上海米哈游网络科技股份有限公司,500-2000人,不需要融资,"移动互联网,游戏",本科,徐汇区,
资深数据分析师,沐瞳游戏,25k-45k,2019-11-21 17:55:19,64705,上海沐瞳科技有限公司,500-2000人,不需要融资,游戏,不限,闵行区,"['万源城', '漕宝路', '东兰路']"
资深数据分析师,国泰产险,25k-35k,2019-11-21 16:48:48,172297,国泰财产保险有限责任公司,500-2000人,不需要融资,金融,本科,杨浦区,
资深数据分析师,GeexFinance,10k-20k,2019-11-18 11:07:57,37850,即科金融信息服务（上海）有限公司,150-500人,A轮,金融,本科,杨浦区,
高级数据分析工程师,携程,15k-25k,2019-11-25 09:33:45,6636,携程计算机技术（上海）有限公司,2000人以上,上市公司,旅游,本科,长宁区,
2521DF-数据分析岗,陆金所,13k-20k,2019-11-25 00:00:29,51662,上海陆家嘴国际金融资产交易市场股份有限公司,2000人以上,B轮,金融,本科,浦东新区,
11122I-LT-312-NLP算法工程师,平安科技,25k-50k,2019-11-25 00:00:09,24748,平安科技（深圳）有限公司,2000人以上,不需要融资,金融,硕士,浦东新区,"['梅园', '陆家嘴', '八佰伴']"
数据库挖掘工程师,众安保险,25k-40k,2019-11-21 16:16:44,29824,众安在线财产保险股份有限公司,2000人以上,上市公司,金融,本科,虹口区,['北外滩']
数据分析师（游戏运营）,哔哩哔哩,12k-18k,2019-11-21 13:38:55,30830,上海哔哩哔哩科技有限公司,2000人以上,上市公司,"移动互联网,文娱丨内容",本科,杨浦区,"['复旦大学', '五角场']"
高级数据分析师,美市科技,15k-20k,2019-11-21 13:27:02,71090,上海美市科技有限公司,50-150人,A轮,"移动互联网,社交",本科,徐汇区,['岳阳']
高级数据分析师,百融云创,15k-20k,2019-11-19 17:07:52,73043,百融云创科技股份有限公司,500-2000人,C轮,金融,本科,浦东新区,
资深数据开发工程师,触宝,25k-35k,2019-11-19 10:39:52,7030,上海触乐信息科技有限公司,500-2000人,上市公司,"移动互联网,数据服务",本科,闵行区,
数据分析师（游戏）,哔哩哔哩,10k-12k,2019-11-18 17:24:54,30830,上海哔哩哔哩科技有限公司,2000人以上,上市公司,"移动互联网,文娱丨内容",本科,杨浦区,"['复旦大学', '五角场']"
positionName,companyShortName,salary,createTime,companyId,companyFullName,companySize,financeStage,industryField,education,district,businessZones
商业数据分析师,还呗-智能信贷领先者,20k-30k,2019-11-25 13:01:00,109625,上海数禾信息科技有限公司,500-2000人,B轮,金融,本科,浦东新区,['张江']
商业数据分析师,HARB,10k-16k,2019-11-25 11:57:21,116876,哈步数据科技（上海）有限公司,50-150人,B轮,企业服务,本科,徐汇区,
高级数据分析师,Oriente,25k-40k,2019-11-15 18:09:31,426357,傲冉信息技术（上海）有限公司,500-2000人,B轮,"移动互联网,金融",本科,黄浦区,['陆家嘴']
数据开发工程师（上海）,数云,15k-20k,2019-11-21 17:54:15,7502,杭州数云信息技术有限公司上海分公司,150-500人,C轮,"企业服务,数据服务",不限,徐汇区,
数据分析师-BI(J10453),震坤行,15k-25k,2019-11-25 10:47:44,68340,震坤行工业超市（上海）有限公司,500-2000人,D轮及以上,电商,本科,浦东新区,['张江']
高级数据分析经理,达达-京东到家,30k-50k,2019-11-25 10:36:25,32836,达疆网络科技（上海）有限公司,2000人以上,D轮及以上,消费生活,本科,杨浦区,"['平凉路', '江浦路']"
广告数据分析师,莉莉丝游戏,15k-25k,2019-11-19 11:51:19,1938,上海莉莉丝科技股份有限公司,500-2000人,不需要融资,"移动互联网,游戏",不限,闵行区,
游戏数据分析,上海米哈游,20k-40k,2019-11-25 10:06:09,7872,上海米哈游网络科技股份有限公司,500-2000人,不需要融资,"移动互联网,游戏",本科,徐汇区,
资深AI/数据产品经理,途虎养车网,40k-50k,2019-11-25 11:22:55,36009,上海阑途信息技术有限公司,2000人以上,D轮及以上,汽车丨出行,本科,闵行区,"['南方商城', '莘庄', '古美', '梅陇']"
建模专家（数据商业化部）-上海-01988,同盾科技,30k-50k,2019-11-25 11:22:17,6502,同盾科技有限公司,500-2000人,C轮,"信息安全,数据服务",硕士,徐汇区,['龙华']
风控数据分析,有鱼金融科技,10k-20k,2019-11-25 09:50:15,1738,上海彩亿信息技术有限公司,500-2000人,不需要融资,"移动互联网,金融",本科,徐汇区,
数据运营主管,上海百秋,10k-15k,2019-11-24 23:57:33,90602,上海百秋电子商务有限公司,500-2000人,未融资,"电商,企业服务",本科,长宁区,
运营数据分析,日本犬印本铺中国唯一正规代理,7k-10k,2019-11-25 09:41:19,207912,上海龙婴本铺服装设计有限公司,50-150人,不需要融资,"移动互联网,电商",本科,黄浦区,['城隍庙']
高级数据仓库开发工程师,触宝,20k-35k,2019-11-19 10:39:52,7030,上海触乐信息科技有限公司,500-2000人,上市公司,"移动互联网,数据服务",本科,徐汇区,
商业化数据分析师,字节跳动,20k-40k,2019-11-08 10:24:08,62,北京字节跳动科技有限公司,2000人以上,C轮,文娱丨内容,本科,徐汇区,
positionName,companyShortName,salary,createTime,companyId,companyFullName,companySize,financeStage,industryField,education,district,businessZones
游戏数据分析师,叠纸游戏,12k-20k,2019-11-04 12:51:24,122560,苏州叠纸网络科技股份有限公司,500-2000人,B轮,游戏,本科,浦东新区,
广告-数据策略分析师,爱奇艺,15k-30k,2019-11-22 10:50:25,1686,北京奇艺世纪科技有限公司,2000人以上,上市公司,文娱丨内容,本科,长宁区,"['华漕', '长征']"
数据分析工程师,GeexFinance,10k-20k,2019-11-18 11:07:57,37850,即科金融信息服务（上海）有限公司,150-500人,A轮,金融,大专,杨浦区,
高级数据分析师,找钢网,20k-40k,2019-11-14 11:28:17,342032,上海找钢网信息科技股份有限公司,500-2000人,D轮及以上,"移动互联网,电商",本科,杨浦区,['江湾']
数据仓库工程师,上海丙晟科技有限公司,18k-25k,2019-11-18 11:08:51,532691,上海丙晟科技有限公司,150-500人,未融资,"移动互联网,电商",本科,静安区,
高级数据开发工程师,拼多多,25k-50k,2019-11-05 09:19:25,107784,上海寻梦信息技术有限公司,2000人以上,上市公司,"电商,移动互联网",本科,长宁区,
商业数据分析总监（BAD）,驰骛科技ChiefClouds,20k-40k,2019-11-22 16:58:09,122296,上海驰骛信息科技有限公司,50-150人,A轮,"数据服务,移动互联网",本科,徐汇区,"['虹梅路', '漕河泾']"
数据平台开发工程师,腾讯,20k-35k,2019-11-21 10:17:34,451,腾讯科技（深圳）有限公司,2000人以上,上市公司,社交,本科,徐汇区,"['漕宝路', '漕河泾']"
Plus数据分析,京东集团,20k-30k,2019-11-20 17:58:29,18139,北京京东世纪贸易有限公司,2000人以上,上市公司,电商,本科,长宁区,['北新泾']
高级数据分析经理,达达-京东到家,30k-50k,2019-11-20 15:10:09,32836,达疆网络科技（上海）有限公司,2000人以上,D轮及以上,消费生活,硕士,杨浦区,"['平凉路', '江浦路']"
资深数据分析（单车）(J10286),哈啰出行,20k-40k,2019-11-18 15:45:40,164989,上海钧正网络科技有限公司,2000人以上,D轮及以上,"移动互联网,硬件",本科,闵行区,
高级商业数据分析师,复星,20k-40k,2019-11-19 16:43:10,314707,上海云济信息科技有限公司,2000人以上,上市公司,"消费生活,金融",本科,徐汇区,['漕河泾']
资深数据分析师,威斯科技,30k-50k,2019-11-05 16:24:50,473950,威斯科技（苏州）有限公司,50-150人,未融资,移动互联网,本科,杨浦区,['长阳路']
数据产品经理（应用侧）,拼多多,30k-60k,2019-11-05 09:19:18,107784,上海寻梦信息技术有限公司,2000人以上,上市公司,"电商,移动互联网",本科,长宁区,
数据分析师（风险建模）,冰鉴科技,20k-40k,2019-11-13 10:54:51,93049,上海冰鉴信息科技有限公司,150-500人,C轮,"信息安全,数据服务",本科,浦东新区,['八佰伴']
positionName,companyShortName,salary,createTime,companyId,companyFullName,companySize,financeStage,industryField,education,district,businessZones
到店技术-高级系统开发工程师-数据业务,美团点评,25k-35k,2019-11-18 10:24:54,50702,北京三快在线科技有限公司,2000人以上,上市公司,消费生活,本科,长宁区,
数据分析专家/总监,威斯科技,40k-60k,2019-11-21 11:40:09,473950,威斯科技（苏州）有限公司,50-150人,未融资,移动互联网,本科,闵行区,"['莘庄', '七宝']"
算法工程师,360,25k-50k,2019-11-04 11:17:13,436,奇虎360科技有限公司,2000人以上,上市公司,信息安全,硕士,虹口区,['北外滩']
高级算法专家,360,40k-50k,2019-11-04 11:17:13,436,奇虎360科技有限公司,2000人以上,上市公司,信息安全,本科,虹口区,['北外滩']
BI数据工程师,GeexFinance,10k-15k,2019-11-18 11:07:57,37850,即科金融信息服务（上海）有限公司,150-500人,A轮,金融,本科,杨浦区,
数据建模经理（金融科技）,交银企服,20k-30k,2019-11-12 15:28:40,95051,交银企业管理服务（上海）有限公司张江高科技园区分公司,2000人以上,上市公司,"移动互联网,金融",本科,长宁区,"['天山路', '虹桥', '古北']"
数据运营专家(J11830),哈啰出行,25k-50k,2019-11-18 15:45:41,164989,上海钧正网络科技有限公司,2000人以上,D轮及以上,"移动互联网,硬件",本科,闵行区,['莘庄']
榜单数据运营(J19556),携程,10k-20k,2019-11-19 14:13:34,6636,携程计算机技术（上海）有限公司,2000人以上,上市公司,旅游,本科,长宁区,"['北新泾', '长征', '金沙江路']"
数据建模工程师,上海金亥,10k-20k,2019-11-03 15:08:25,129103,上海金亥通信设备有限公司,50-150人,不需要融资,"企业服务,数据服务",本科,浦东新区,
数据分析-LX,掌门集团,20k-25k,2019-10-29 11:49:04,202697,连尚（北京）网络科技有限公司,500-2000人,B轮,"移动互联网,消费生活",不限,浦东新区,
软件开发工程师（大数据方向）,上海农商银行,20k-30k,2019-11-23 14:57:20,602834,上海农村商业银行股份有限公司,500-2000人,不需要融资,金融,本科,浦东新区,
资深数据分析经理,交银企服,25k-50k,2019-11-12 15:28:28,95051,交银企业管理服务（上海）有限公司张江高科技园区分公司,2000人以上,上市公司,"移动互联网,金融",本科,长宁区,"['天山路', '虹桥', '古北']"
数据分析leader,上海腾聘,35k-65k,2019-11-03 12:03:14,446277,上海腾聘企业管理咨询有限公司,50-150人,B轮,"移动互联网,数据服务",本科,浦东新区,['张江']
用户运营,收钱吧,7k-12k,2019-11-25 13:17:48,20669,上海喔噻互联网科技有限公司,500-2000人,C轮,移动互联网,本科,普陀区,
产品经理,Student.com,15k-25k,2019-11-25 13:10:05,66398,江曲投资咨询（上海）有限公司,150-500人,C轮,电商,本科,静安区,"['同乐坊', '西康路', '江宁路']"
positionName,companyShortName,salary,createTime,companyId,companyFullName,companySize,financeStage,industryField,education,district,businessZones
商业化-H5前端工程师,小红书,25k-50k,2019-11-25 12:29:22,6542,行吟信息科技（上海）有限公司,500-2000人,D轮及以上,消费生活,本科,黄浦区,
数据运营,零境网络,10k-15k,2019-11-12 16:17:59,45552,上海零境网络科技有限公司,50-150人,不需要融资,游戏,大专,徐汇区,"['虹梅路', '田林', '漕河泾']"
算法工程师,途虎养车网,30k-40k,2019-11-25 11:22:55,36009,上海阑途信息技术有限公司,2000人以上,D轮及以上,汽车丨出行,本科,闵行区,
反作弊算法工程师,东方新闻,35k-70k,2019-11-25 13:36:14,170297,上海嵩恒网络科技股份有限公司,500-2000人,不需要融资,"文娱丨内容,社交",本科,浦东新区,"['张江', '唐镇']"
大数据开发工程师,索思数据,10k-20k,2019-11-25 13:56:56,402263,上海索思数据科技有限公司,50-150人,A轮,"数据服务,信息安全",本科,徐汇区,"['斜土路', '徐家汇', '枫林路']"
BI报表开发,奥解思,15k-30k,2019-11-25 13:15:34,753590,奥解思信息科技（上海）有限公司,500-2000人,上市公司,金融,本科,浦东新区,"['张江', '金桥']"
搜索算法工程师,达观数据,18k-30k,2019-11-25 10:16:49,97882,达而观信息科技（上海）有限公司,150-500人,B轮,人工智能,硕士,浦东新区,
策略开发专家,信用飞/首付游,20k-35k,2019-11-25 10:07:35,22897,上海晓途网络科技有限公司,150-500人,B轮,移动互联网,本科,长宁区,
算法工程师,NextTao 互道信息,18k-30k,2019-11-25 09:55:49,56474,互道信息技术（上海）有限公司,50-150人,B轮,"移动互联网,电商",本科,浦东新区,['张江']
NPL自然语言处理工程师,探知数据,18k-25k,2019-11-25 13:31:51,163790,上海勃池信息技术有限公司,50-150人,A轮,"金融,数据服务",本科,杨浦区,"['长阳路', '周家嘴路', '平凉路']"
NLP算法工程师,MDC,20k-30k,2019-11-25 10:31:45,28708,北京移数通电讯有限公司,50-150人,B轮,移动互联网,本科,杨浦区,"['四平路', '鞍山']"
机器学习算法工程师,探知数据,15k-30k,2019-11-25 13:31:50,163790,上海勃池信息技术有限公司,50-150人,A轮,"金融,数据服务",本科,静安区,
高级大数据开发工程师,驰骛科技ChiefClouds,25k-35k,2019-11-25 12:09:01,122296,上海驰骛信息科技有限公司,50-150人,A轮,"数据服务,移动互联网",本科,徐汇区,['漕河泾']
高级内容产品经理,蜻蜓FM,20k-30k,2019-11-25 10:48:54,30816,上海倾听信息技术有限公司,150-500人,D轮及以上,移动互联网,不限,浦东新区,
广告优化师（游戏）,噗嗤游戏,10k-18k,2019-11-25 09:29:08,155561,上海噗呲网络科技有限公司,15-50人,不需要融资,"游戏,社交",大专,徐汇区,['漕河泾']
positionName,companyShortName,salary,createTime,companyId,companyFullName,companySize,financeStage,industryField,education,district,businessZones
算法工程师,索思数据,20k-30k,2019-11-25 13:56:56,402263,上海索思数据科技有限公司,50-150人,A轮,"数据服务,信息安全",本科,徐汇区,"['斜土路', '徐家汇', '枫林路']"
（2019校招可转正）算法工程师实习生,蜻蜓FM,4k-6k,2019-11-25 10:48:54,30816,上海倾听信息技术有限公司,150-500人,D轮及以上,移动互联网,硕士,浦东新区,"['陆家嘴', '塘桥', '花木']"
算法工程师（派单和路径规划）,达达-京东到家,20k-40k,2019-11-25 10:36:24,32836,达疆网络科技（上海）有限公司,2000人以上,D轮及以上,消费生活,本科,浦东新区,"['东外滩', '八佰伴', '梅园']"
风险建模工程师,萨摩耶金服,15k-30k,2019-11-25 09:30:47,73604,深圳萨摩耶互联网金融服务有限公司,150-500人,C轮,金融,本科,浦东新区,
初级java开发工程师,零机科技,15k-30k,2019-11-25 09:15:19,178695,北京至上泽思信息技术有限公司,50-150人,不需要融资,"数据服务,企业服务",本科,黄浦区,"['人民广场', '南京东路', '外滩']"
java开发工程师,奥解思,12k-18k,2019-11-25 13:30:43,753590,奥解思信息科技（上海）有限公司,500-2000人,上市公司,金融,本科,浦东新区,['张江']
算法工程师,脉景,18k-30k,2019-11-25 12:45:14,256236,脉景（杭州）健康管理有限公司,15-50人,不需要融资,"医疗丨健康,数据服务",硕士,浦东新区,"['张江', '唐镇']"
大数据研发专家（团队负责人）,斗象科技,20k-40k,2019-11-25 11:43:32,33219,上海斗象信息科技有限公司,150-500人,B轮,信息安全,本科,浦东新区,
模型开发专家-风控,信用飞/首付游,20k-35k,2019-11-25 10:07:36,22897,上海晓途网络科技有限公司,150-500人,B轮,移动互联网,本科,长宁区,
初级算法工程师,商涌网络,10k-20k,2019-11-25 09:38:30,303426,上海商涌网络科技有限公司,50-150人,A轮,数据服务,本科,浦东新区,
算法工程师,萨摩耶金服,18k-30k,2019-11-25 09:30:46,73604,深圳萨摩耶互联网金融服务有限公司,150-500人,C轮,金融,本科,浦东新区,
高级推荐算法工程师,彩贝壳,20k-40k,2019-11-25 11:43:07,69466,上海绘享网络科技有限公司,150-500人,B轮,移动互联网,本科,长宁区,"['中山公园', '虹桥']"
算法工程师（NLP),天壤智能,25k-50k,2019-11-25 09:41:27,240153,上海天壤智能科技有限公司,150-500人,A轮,"移动互联网,企业服务",硕士,徐汇区,['龙华']
机器学习开发工程师,Gridsum 国双,15k-25k,2019-11-25 09:41:23,3038,北京国双科技有限公司,500-2000人,上市公司,"数据服务,企业服务",本科,静安区,"['静安寺', '南京西路', '北京西路']"
ETL工程师,商涌网络,15k-25k,2019-11-25 09:38:31,303426,上海商涌网络科技有限公司,50-150人,A轮,数据服务,本科,浦东新区,
positionName,companyShortName,salary,createTime,companyId,companyFullName,companySize,financeStage,industryField,education,district,businessZones
风险模型师,零机科技,20k-40k,2019-11-25 09:15:21,178695,北京至上泽思信息技术有限公司,50-150人,不需要融资,"数据服务,企业服务",本科,黄浦区,"['人民广场', '南京东路', '外滩']"
高级大数据开发工程师,圆通,15k-30k,2019-11-25 08:27:42,29211,圆通速递有限公司,2000人以上,上市公司,物流丨运输,本科,青浦区,
大数据负责人,友塔游戏,50k-100k,2019-11-25 13:52:05,148343,上海友塔网络科技有限公司,500-2000人,不需要融资,游戏,本科,长宁区,"['天山路', '虹桥', '古北']"
大数据总监,友塔游戏,50k-100k,2019-11-25 13:52:04,148343,上海友塔网络科技有限公司,500-2000人,不需要融资,游戏,本科,长宁区,"['天山路', '虹桥', '古北']"
B端产品经理,新萌网络,15k-25k,2019-11-25 13:32:55,82793910,上海新萌网络科技有限公司,150-500人,不需要融资,社交,本科,浦东新区,['张江']
Jave架构师,寅客网络,25k-38k,2019-11-25 12:10:42,51357,上海寅客网络科技有限公司,150-500人,不需要融资,"企业服务,消费生活",大专,徐汇区,"['斜土路', '徐家汇', '枫林路']"
搜索推荐平台负责人,彩贝壳,40k-70k,2019-11-25 11:43:06,69466,上海绘享网络科技有限公司,150-500人,B轮,移动互联网,本科,长宁区,"['新华路', '天山路', '虹桥']"
社区运营经理,樊登读书,15k-25k,2019-11-25 11:39:43,76379,上海黄豆网络科技有限公司,150-500人,C轮,"移动互联网,教育",本科,长宁区,"['天山路', '虹桥', '古北']"
Java工程师/专家/架构师【上海/杭州】,蚂蚁金服集团,25k-50k,2019-11-25 11:39:02,153849,支付宝（杭州）信息技术有限公司,2000人以上,B轮,"金融,移动互联网",本科,浦东新区,"['陆家嘴', '梅园']"
26216Q-AI风控建模经理,平安租赁,20k-30k,2019-11-25 00:00:16,140240,平安国际融资租赁有限公司,500-2000人,不需要融资,金融,硕士,浦东新区,
算法工程师,河姆渡电子商务有限公司,20k-40k,2019-11-25 13:25:58,139645,上海河姆渡实业发展有限公司,500-2000人,A轮,电商,本科,浦东新区,"['世纪公园', '花木']"
算法工程师,趣头条,25k-50k,2019-11-25 11:54:56,202104,上海基分文化传播有限公司,500-2000人,上市公司,文娱丨内容,本科,浦东新区,['张江']
大数据开发负责人,长投学堂,35k-60k,2019-11-25 11:28:52,48086,上海昌投网络科技有限公司,150-500人,A轮,移动互联网,本科,浦东新区,['张江']
上海业务安全-策略算法专家,美团点评,35k-45k,2019-11-25 09:59:41,50702,北京三快在线科技有限公司,2000人以上,上市公司,消费生活,本科,长宁区,
产品实习生Intern,arvato China,1k-2k,2019-11-25 09:39:50,14033,上海贝塔斯曼商业服务有限公司,2000人以上,不需要融资,"广告营销,数据服务",本科,静安区,
positionName,companyShortName,salary,createTime,companyId,companyFullName,companySize,financeStage,industryField,education,district,businessZones
高级产品经理（TOB方向）,G7,25k-40k,2019-11-25 09:26:18,2696,北京汇通天下物联科技有限公司,500-2000人,C轮,"移动互联网,数据服务",本科,闵行区,"['龙柏', '七宝', '虹桥']"
1121SH-TED商业分析师,平安科技,15k-30k,2019-11-25 00:00:14,24748,平安科技（深圳）有限公司,2000人以上,不需要融资,金融,本科,徐汇区,
用户增长专家,圈外,15k-30k,2019-11-25 13:13:50,205709,上海晓圈教育科技有限公司,150-500人,天使轮,"移动互联网,教育",本科,长宁区,"['周家桥', '中山公园', '虹桥']"
BI产品经理,问卷网@爱调研,20k-30k,2019-11-25 13:10:49,22481,上海众言网络科技有限公司,150-500人,C轮,移动互联网,本科,徐汇区,
算法工程师,AdMaster,20k-40k,2019-11-25 12:20:39,107408,精硕科技（北京）股份有限公司,2000人以上,不需要融资,数据服务,硕士,普陀区,"['长征', '曹杨']"
产品经理（用户增长）,引粒网络,15k-25k,2019-11-25 12:19:08,82908897,引粒网络科技（上海）有限公司,15-50人,天使轮,社交,本科,黄浦区,['五里桥']
资深产品经理,引粒网络,20k-40k,2019-11-25 12:19:07,82908897,引粒网络科技（上海）有限公司,15-50人,天使轮,社交,本科,黄浦区,['五里桥']
互联网产品经理/总监,高顿教育集团,25k-50k,2019-11-25 10:35:41,132691,上海高顿教育培训有限公司,2000人以上,C轮,教育,本科,虹口区,"['凉城', '虹口足球场']"
nlp算法（智能客服类研发）,MDC,20k-30k,2019-11-25 10:31:45,28708,北京移数通电讯有限公司,50-150人,B轮,移动互联网,本科,杨浦区,"['四平路', '鞍山']"
推荐算法工程师,小象优品,25k-50k,2019-11-25 10:27:24,202633,北京源石云科技有限公司上海分公司,500-2000人,C轮,"移动互联网,电商",大专,徐汇区,"['漕宝路', '漕河泾', '漕宝路', '漕河泾', '漕宝路']"
爬虫工程师,小象优品,15k-30k,2019-11-25 10:27:24,202633,北京源石云科技有限公司上海分公司,500-2000人,C轮,"移动互联网,电商",大专,徐汇区,"['漕宝路', '漕河泾', '漕宝路', '漕河泾', '漕宝路']"
策略运营,叮咚买菜,15k-25k,2019-11-25 10:19:10,67860,上海壹佰米网络科技有限公司,2000人以上,B轮,消费生活,本科,浦东新区,"['张江', '花木', '北蔡']"
策略分析师 (MJ000042),信用飞/首付游,18k-30k,2019-11-25 10:07:35,22897,上海晓途网络科技有限公司,150-500人,B轮,移动互联网,本科,长宁区,
产品经理,2144游戏,20k-40k,2019-11-25 10:05:29,133485,上海剑圣网络科技有限公司,150-500人,不需要融资,"移动互联网,游戏",本科,浦东新区,['张江']
中级算法工程师,NextTao 互道信息,20k-30k,2019-11-25 09:55:48,56474,互道信息技术（上海）有限公司,50-150人,B轮,"移动互联网,电商",本科,浦东新区,['张江']
positionName,companyShortName,salary,createTime,companyId,companyFullName,companySize,financeStage,industryField,education,district,businessZones
初级算法工程师,NextTao 互道信息,15k-30k,2019-11-25 09:55:48,56474,互道信息技术（上海）有限公司,50-150人,B轮,"移动互联网,电商",本科,浦东新区,['张江']
陪玩项目运营经理,捞月狗,8k-12k,2019-11-25 09:33:25,46792,上海竟跃网络科技有限公司,50-150人,C轮,移动互联网,本科,徐汇区,
风控模型开发工程师,联众金融,15k-20k,2019-11-25 09:32:21,272198,上海曌扬汽车服务有限公司,500-2000人,B轮,金融,不限,浦东新区,"['陆家嘴', '八佰伴']"
搜索研发高级工程师,百联全渠道电商,16k-32k,2019-11-25 09:24:01,71514,百联全渠道电子商务有限公司,500-2000人,不需要融资,"电商,消费生活",本科,黄浦区,"['外滩', '城隍庙', '金陵东路']"
2521EO-AI算法建模经理,陆金所,20k-40k,2019-11-25 00:00:29,51662,上海陆家嘴国际金融资产交易市场股份有限公司,2000人以上,B轮,金融,硕士,浦东新区,
策略分析leader（信贷风控）-00899,同盾科技,20k-30k,2019-11-25 11:22:16,6502,同盾科技有限公司,500-2000人,C轮,"信息安全,数据服务",本科,徐汇区,"['斜土路', '枫林路', '龙华']"
资深云平台开发工程师 (MJ000073),商米,30k-40k,2019-11-25 11:14:30,126467,上海商米科技集团股份有限公司,500-2000人,D轮及以上,消费生活,本科,杨浦区,"['复旦大学', '五角场']"
2621F0-大数据算法工程师,平安租赁,10k-15k,2019-11-25 00:00:15,140240,平安国际融资租赁有限公司,500-2000人,不需要融资,金融,本科,浦东新区,
搜索算法工程师,寿盈网络,20k-40k,2019-11-25 13:48:00,82778211,上海寿盈网络科技有限公司,50-150人,未融资,"信息安全,软件开发",不限,嘉定区,['南翔']
大数据开发工程师,51JOB,12k-24k,2019-11-25 13:14:55,293540,前锦网络信息技术（上海）有限公司,2000人以上,上市公司,"移动互联网,企业服务",硕士,浦东新区,['张江']
Java Engineer(Data),斐珞尔,12k-20k,2019-11-25 11:30:30,152926,斐珞尔（上海）贸易有限公司,150-500人,未融资,"电商,消费生活",本科,徐汇区,['徐家汇']
搜索引擎工程师,西域网,20k-40k,2019-11-25 10:49:10,23481,西域供应链（上海）有限公司,500-2000人,D轮及以上,电商,本科,浦东新区,['张江']
算法工程师,飞书互动,15k-30k,2019-11-25 10:44:32,75423,飞书数字科技（上海）有限公司,150-500人,A轮,"社交,广告营销",本科,长宁区,
推荐算法,趣头条,25k-50k,2019-11-25 10:42:00,202104,上海基分文化传播有限公司,500-2000人,上市公司,文娱丨内容,本科,浦东新区,['张江']
广告策略算法专家,触宝,30k-55k,2019-11-25 10:05:18,7030,上海触乐信息科技有限公司,500-2000人,上市公司,"移动互联网,数据服务",本科,徐汇区,
positionName,companyShortName,salary,createTime,companyId,companyFullName,companySize,financeStage,industryField,education,district,businessZones
Java高级开发工程师,新数,10k-15k,2019-11-25 10:03:39,47386,上海新数网络科技股份有限公司,50-150人,不需要融资,"移动互联网,数据服务",本科,杨浦区,"['周家嘴路', '长阳路', '外滩']"
点评APP-高级算法工程师／算法专家,美团点评,30k-50k,2019-11-25 10:02:29,50702,北京三快在线科技有限公司,2000人以上,上市公司,消费生活,本科,长宁区,
聊天室业务经理,捞月狗,8k-15k,2019-11-25 09:33:25,46792,上海竟跃网络科技有限公司,50-150人,C轮,移动互联网,本科,徐汇区,
022320-运营分析岗,平安人寿,15k-25k,2019-11-25 00:00:22,140014,中国平安人寿保险股份有限公司,2000人以上,上市公司,金融,硕士,浦东新区,
0223T6-大数据开发工程师（大数据）,平安人寿,20k-30k,2019-11-25 00:00:22,140014,中国平安人寿保险股份有限公司,2000人以上,上市公司,金融,本科,浦东新区,
052191-大数据开发工程师（经纪业务）,平安证券,15k-30k,2019-11-25 00:00:18,164,平安证券股份有限公司,2000人以上,上市公司,金融,本科,徐汇区,
高级/ 资深算法工程师（预测）--2871,爱奇艺,30k-60k,2019-11-24 23:51:28,1686,北京奇艺世纪科技有限公司,2000人以上,上市公司,文娱丨内容,本科,长宁区,
用户增长运营--2815,爱奇艺,15k-30k,2019-11-24 23:51:02,1686,北京奇艺世纪科技有限公司,2000人以上,上市公司,文娱丨内容,本科,长宁区,
业务分析及策略优化专家（私有云）-上海-01883,同盾科技,35k-55k,2019-11-25 11:22:15,6502,同盾科技有限公司,500-2000人,C轮,"信息安全,数据服务",硕士,徐汇区,"['斜土路', '枫林路', '龙华']"
产品经理/总监,烈熊网络,15k-30k,2019-11-25 11:17:00,93956,上海烈熊网络技术有限公司,15-50人,天使轮,"移动互联网,金融",不限,闵行区,
产品运营岗（火车票业务）,招商银行—出行易,10k-20k,2019-11-25 10:57:26,37009,上海招赢电子商务有限责任公司,150-500人,不需要融资,电商,本科,浦东新区,
大数据架构师,Hypers,25k-40k,2019-11-25 10:41:49,24102,上海宏路数据技术股份有限公司,50-150人,上市公司,移动互联网,本科,虹口区,"['四平路', '四川北路', '东宝兴路']"
大数据开发工程师,树融科技,15k-29k,2019-11-25 09:34:46,289817,上海树融数据科技有限公司,15-50人,天使轮,"企业服务,数据服务",本科,杨浦区,['五角场']
大数据开发工程师（Python）,树融科技,15k-29k,2019-11-25 09:34:45,289817,上海树融数据科技有限公司,15-50人,天使轮,"企业服务,数据服务",本科,杨浦区,['五角场']
高级算法工程师,噗嗤游戏,15k-30k,2019-11-25 09:29:08,155561,上海噗呲网络科技有限公司,15-50人,不需要融资,"游戏,社交",本科,徐汇区,['漕河泾']
positionName,companyShortName,salary,createTime,companyId,companyFullName,companySize,financeStage,industryField,education,district,businessZones
算法工程师-（反作弊）(J11972),2345.com,40k-60k,2019-11-25 08:57:10,6082,上海二三四五网络科技有限公司,500-2000人,上市公司,"数据服务,移动互联网",本科,浦东新区,
大数据架构师,创略科技,25k-50k,2019-11-24 22:14:30,202989,创络（上海）数据科技有限公司,150-500人,B轮,"数据服务,广告营销",本科,青浦区,['徐泾']
商业分析师,还呗-智能信贷领先者,20k-30k,2019-11-25 13:01:00,109625,上海数禾信息科技有限公司,500-2000人,B轮,金融,本科,浦东新区,['张江']
高级搜索算法工程师,玖粤科技,25k-50k,2019-11-25 09:31:56,541825,上海玖粤网络科技有限公司,50-150人,未融资,"移动互联网,企业服务",本科,浦东新区,['张江']
Java开发工程师（Solr）(J10108),西域网,15k-25k,2019-11-25 10:49:10,23481,西域供应链（上海）有限公司,500-2000人,D轮及以上,电商,本科,浦东新区,['张江']
大数据开发工程师,么么直播,20k-30k,2019-11-25 09:37:59,34331,上海星艾网络科技有限公司,50-150人,不需要融资,"移动互联网,社交",本科,闵行区,
云计算开发工程师 (MJ000010),星环科技,20k-35k,2019-11-22 17:28:52,27962,星环信息科技（上海）有限公司,150-500人,C轮,数据服务,本科,徐汇区,
搜索开发工程师,西域网,20k-40k,2019-11-25 10:49:08,23481,西域供应链（上海）有限公司,500-2000人,D轮及以上,电商,本科,浦东新区,['张江']
推荐算法工程师（识货）,虎扑,50k-80k,2019-11-25 09:42:17,1145,虎扑（上海）文化传播股份有限公司,500-2000人,D轮及以上,"移动互联网,文娱丨内容",本科,杨浦区,['延吉']
产品运营岗（旅游）,招商银行—出行易,10k-20k,2019-11-25 10:57:26,37009,上海招赢电子商务有限责任公司,150-500人,不需要融资,电商,本科,浦东新区,
算法工程师,澎湃新闻,15k-30k,2019-11-25 10:44:46,28702,上海东方报业有限公司,150-500人,未融资,"移动互联网,文娱丨内容",硕士,静安区,
大数据开发工程师,上海意鹰信息技术有限公司,11k-16k,2019-11-22 16:22:17,479937,上海意鹰信息技术有限公司,150-500人,B轮,"移动互联网,企业服务",本科,徐汇区,['虹梅路']
算法工程师,码上赢,30k-40k,2019-11-25 13:42:34,442174,北京码上赢科技有限公司,50-150人,A轮,"移动互联网,企业服务",硕士,杨浦区,['五角场']
贷后催收策略师/副总监,还呗-智能信贷领先者,30k-40k,2019-11-25 13:01:00,109625,上海数禾信息科技有限公司,500-2000人,B轮,金融,硕士,浦东新区,['张江']
推荐工程师,澎湃新闻,15k-30k,2019-11-25 10:44:46,28702,上海东方报业有限公司,150-500人,未融资,"移动互联网,文娱丨内容",本科,静安区,
positionName,companyShortName,salary,createTime,companyId,companyFullName,companySize,financeStage,industryField,education,district,businessZones
1121R3-量化策略分析师（上海）,平安科技,15k-30k,2019-11-25 00:00:11,24748,平安科技（深圳）有限公司,2000人以上,不需要融资,金融,硕士,浦东新区,
算法工程师,明略科技集团,15k-30k,2019-11-22 11:20:26,13171,秒针信息技术有限公司,2000人以上,D轮及以上,"数据服务,广告营销",本科,长宁区,"['新华路', '上海影城']"
高级前端开发工程师,UCloud,15k-30k,2019-11-22 18:36:51,165,优刻得科技股份有限公司,500-2000人,D轮及以上,企业服务,本科,杨浦区,
大数据开发工程师,上海永辉超市有限公司,20k-40k,2019-11-23 11:15:50,498390,上海永辉超市有限公司,2000人以上,上市公司,企业服务,本科,闵行区,['华漕']
商业/经营分析专家(J10468),哈啰出行,30k-40k,2019-11-22 17:39:49,164989,上海钧正网络科技有限公司,2000人以上,D轮及以上,"移动互联网,硬件",本科,闵行区,
资深大数据工程师（数据仓库ETL）,飞牛网（大润发网上商城）,25k-30k,2019-11-22 13:40:14,27476,上海飞牛集达电子商务有限公司,2000人以上,不需要融资,"移动互联网,电商",本科,闸北区,"['场中路', '汶水路', '共和新路']"
算法交易实习,上海挖易,5k-8k,2019-11-25 09:34:27,152663,上海挖易网络科技有限公司,150-500人,未融资,电商,本科,徐汇区,"['虹梅路', '田林', '漕河泾']"
推荐算法工程师,比心陪练,35k-55k,2019-11-23 10:06:57,47993,上海鱼泡泡信息科技有限公司,500-2000人,B轮,社交,本科,徐汇区,
​资深算法（智能调度/派单）工程师,比心陪练,30k-55k,2019-11-23 10:06:56,47993,上海鱼泡泡信息科技有限公司,500-2000人,B轮,社交,本科,徐汇区,
高级Java/专家,蚂蚁金服集团,25k-50k,2019-11-22 22:31:25,153849,支付宝（杭州）信息技术有限公司,2000人以上,B轮,"金融,移动互联网",本科,黄浦区,['城隍庙']
Java开发工程师,蚂蚁金服集团,23k-46k,2019-11-22 16:47:35,153849,支付宝（杭州）信息技术有限公司,2000人以上,B轮,"金融,移动互联网",本科,浦东新区,
资深数值策划,FunPlus 趣加游戏,15k-30k,2019-11-22 14:03:30,13321,北京趣加科技有限公司,500-2000人,B轮,游戏,本科,徐汇区,"['虹梅路', '田林', '漕河泾']"
用户增长产品经理,Soul App,20k-35k,2019-11-22 11:31:14,126457,上海任意门科技有限公司,150-500人,C轮,"社交,文娱丨内容",本科,浦东新区,
智能推荐引擎算法科学家(J10329),明略科技集团,25k-45k,2019-11-22 11:20:24,13171,秒针信息技术有限公司,2000人以上,D轮及以上,"数据服务,广告营销",不限,长宁区,"['新华路', '上海影城']"
爬虫工程师,千寻位置,15k-30k,2019-11-22 10:48:14,99397,千寻位置网络有限公司,150-500人,不需要融资,移动互联网,不限,杨浦区,
positionName,companyShortName,salary,createTime,companyId,companyFullName,companySize,financeStage,industryField,education,district,businessZones
算法交易实习岗位,上海挖易,5k-8k,2019-11-25 09:34:28,152663,上海挖易网络科技有限公司,150-500人,未融资,电商,本科,徐汇区,"['虹梅路', '田林', '漕河泾']"
海外APP用户增长运营,虎博科技,15k-30k,2019-11-22 14:45:25,314923,上海虎烨信息科技有限公司,50-150人,A轮,"移动互联网,金融",本科,长宁区,
高级爬虫工程师,虎博科技,15k-30k,2019-11-22 14:45:25,314923,上海虎烨信息科技有限公司,50-150人,A轮,"移动互联网,金融",本科,长宁区,
Weride—Infra Engineer,文远知行,20k-40k,2019-11-23 11:15:47,380151,广州文远知行科技有限公司,150-500人,A轮,"移动互联网,企业服务",本科,浦东新区,['陆家嘴']
量化研究员,同步聚点,25k-50k,2019-11-23 00:05:21,85709714,深圳同步聚点科技有限公司,15-50人,不需要融资,"金融,人工智能",本科,浦东新区,['陆家嘴']
高级运营分析,UCloud,10k-20k,2019-11-22 18:36:50,165,优刻得科技股份有限公司,500-2000人,D轮及以上,企业服务,本科,杨浦区,
项目经理（上海）,安恒信息,12k-20k,2019-11-22 13:52:43,6462,杭州安恒信息技术股份有限公司,500-2000人,D轮及以上,"信息安全,数据服务",本科,长宁区,"['中山公园', '镇宁路']"
APP投放项目经理,上海星艋,10k-20k,2019-11-22 15:45:27,190543,上海星艋信息技术有限公司,150-500人,天使轮,"企业服务,广告营销",不限,闵行区,"['漕宝路', '虹桥', '静安新城']"
算法专家/高级工程师,众安保险,28k-55k,2019-11-20 14:09:07,29824,众安在线财产保险股份有限公司,2000人以上,上市公司,金融,本科,黄浦区,"['南京东路', '外滩']"
反欺诈策略分析师,同程旅游金融业务,10k-20k,2019-11-20 13:52:45,381796,上海引旅金融信息服务有限公司,150-500人,不需要融资,"移动互联网,金融",本科,浦东新区,['陆家嘴']
网络金融总部--大数据产品经理岗,申万宏源证券有限公司,30k-60k,2019-11-20 20:16:55,53291,申万宏源证券有限公司,2000人以上,上市公司,金融,硕士,徐汇区,
高级Python开发,坚果云,20k-40k,2019-11-20 13:50:37,55021,上海亦存网络科技有限公司,50-150人,不需要融资,"企业服务,数据服务",本科,浦东新区,
Java后端开发工程师,坚果云,20k-40k,2019-11-20 13:50:36,55021,上海亦存网络科技有限公司,50-150人,不需要融资,"企业服务,数据服务",本科,浦东新区,['张江']
大数据架构研发工程师,晶赞科技Zamplus,30k-60k,2019-11-25 09:50:51,22321,上海晶赞融宣科技有限公司,150-500人,D轮及以上,"数据服务,文娱丨内容",本科,闸北区,['共和新路']
高级java工程师,安畅网络,18k-25k,2019-11-22 11:36:08,42318,上海安畅网络科技股份有限公司,150-500人,上市公司,"电商,数据服务",本科,宝山区,"['庙行', '共富新村', '顾村']"
positionName,companyShortName,salary,createTime,companyId,companyFullName,companySize,financeStage,industryField,education,district,businessZones
技术经理/架构师,飞榴科技,20k-30k,2019-11-19 15:50:11,152100,飞榴（上海）信息科技有限公司,50-150人,A轮,"移动互联网,数据服务",本科,浦东新区,['张江']
3221B4-数据分析师,平安健康互联网,20k-30k,2019-11-24 00:00:21,105718,平安健康互联网股份有限公司上海分公司,2000人以上,上市公司,"移动互联网,医疗丨健康",本科,浦东新区,
大数据分析经理15-20K,六更,15k-20k,2019-11-22 17:51:57,86108239,上海六更网络科技有限公司,50-150人,未融资,企业服务,本科,宝山区,
游戏AI算法专家,网易,60k-90k,2019-11-22 11:12:54,329,网易（杭州）网络有限公司,2000人以上,上市公司,电商,硕士,徐汇区,"['虹梅路', '田林', '漕河泾']"
机器学习算法工程师,小红书,20k-40k,2019-11-20 14:31:04,6542,行吟信息科技（上海）有限公司,500-2000人,D轮及以上,消费生活,本科,黄浦区,"['新天地', '复兴中路', '复兴公园']"
高级Java开发工程师,坚果云,20k-40k,2019-11-20 13:50:35,55021,上海亦存网络科技有限公司,50-150人,不需要融资,"企业服务,数据服务",本科,浦东新区,"['张江', '北蔡']"
高级APP产品经理,东方新闻,20k-30k,2019-11-22 10:30:11,170297,上海嵩恒网络科技股份有限公司,500-2000人,不需要融资,"文娱丨内容,社交",本科,浦东新区,"['张江', '唐镇']"
推荐算法工程师,Rela热拉-多元女性社区,15k-30k,2019-11-21 18:46:50,40729,上海初生网络科技有限公司,50-150人,B轮,"移动互联网,社交",本科,虹口区,['四川北路']
高级Java开发工程师,国泰产险,25k-35k,2019-11-21 16:48:48,172297,国泰财产保险有限责任公司,500-2000人,不需要融资,金融,本科,杨浦区,
营销产品经理,爱抢购&好食期&觅食蜂,10k-20k,2019-11-21 16:23:58,23912,上海多维度网络科技股份有限公司,150-500人,C轮,"电商,消费生活",本科,徐汇区,"['漕宝路', '漕河泾', '上海南站']"
AI负责人,上海科发,30k-60k,2019-11-21 09:17:28,501424,上海科技发展有限公司,50-150人,不需要融资,数据服务,博士,徐汇区,['漕河泾']
Java开发工程师,百融云创,15k-25k,2019-11-19 17:07:51,73043,百融云创科技股份有限公司,500-2000人,C轮,金融,本科,浦东新区,"['梅园', '陆家嘴', '八佰伴']"
全栈工程师,飞榴科技,25k-35k,2019-11-19 15:50:11,152100,飞榴（上海）信息科技有限公司,50-150人,A轮,"移动互联网,数据服务",本科,浦东新区,['张江']
高级运营策划（SLG）,莉莉丝游戏,15k-25k,2019-11-19 11:51:17,1938,上海莉莉丝科技股份有限公司,500-2000人,不需要融资,"移动互联网,游戏",本科,闵行区,
产品经理,商帆,12k-23k,2019-11-18 15:56:45,134184,上海商帆信息科技有限公司,150-500人,B轮,移动互联网,大专,徐汇区,"['徐家汇', '交通大学']"
positionName,companyShortName,salary,createTime,companyId,companyFullName,companySize,financeStage,industryField,education,district,businessZones
自然语言处理,天壤智能,20k-40k,2019-11-22 10:36:11,240153,上海天壤智能科技有限公司,150-500人,A轮,"移动互联网,企业服务",本科,徐汇区,['龙华']
人工智能开发工程师,CAROTA科络达,25k-40k,2019-11-22 10:23:41,523048,上海科络达云软件技术有限公司,50-150人,不需要融资,"移动互联网,物联网",本科,徐汇区,['上海南站']
大数据科学家,印闪科技,20k-40k,2019-11-21 15:43:32,199130,上海印闪网络科技有限公司,150-500人,A轮,"移动互联网,金融",硕士,徐汇区,
腾讯云解决方案架构师【区域】,腾讯,40k-60k,2019-11-21 10:17:34,451,腾讯科技（深圳）有限公司,2000人以上,上市公司,社交,本科,徐汇区,"['漕宝路', '漕河泾']"
平台运营负责人,扑克财经,18k-25k,2019-11-21 09:42:09,72318,上海耀璞信息技术有限公司,15-50人,A轮,"移动互联网,金融",本科,浦东新区,
资深算法工程师,聪盛网络,20k-40k,2019-11-20 17:52:56,234804,上海聪盛网络科技有限公司,150-500人,A轮,"游戏,移动互联网",本科,闵行区,
推荐算法工程师(中级 高级 资深）,殷德营销策划,30k-60k,2019-11-20 16:13:31,82959546,上海殷德营销策划有限公司,500-2000人,A轮,人工智能 房产家居,本科,徐汇区,['徐家汇']
市场推广与合作负责人,HelloTalk,20k-24k,2019-11-20 16:11:35,37160,深圳市天创进科技有限公司,50-150人,A轮,"移动互联网,教育",本科,静安区,['曹家渡']
搜索算法（中级、高级、资深）,殷德营销策划,30k-60k,2019-11-20 15:43:50,82959546,上海殷德营销策划有限公司,500-2000人,A轮,人工智能 房产家居,本科,徐汇区,['徐家汇']
后端开发工程师,飞榴科技,10k-20k,2019-11-19 15:50:12,152100,飞榴（上海）信息科技有限公司,50-150人,A轮,"移动互联网,数据服务",本科,浦东新区,['张江']
数据库开发工程师,想出网络科技,12k-15k,2019-11-21 10:21:57,547846,想出网络科技（上海）有限公司,50-150人,天使轮,"移动互联网,电商",不限,长宁区,['中山公园']
网络金融总部-AI算法产品经理,申万宏源证券有限公司,30k-60k,2019-11-20 20:16:55,53291,申万宏源证券有限公司,2000人以上,上市公司,金融,硕士,徐汇区,
【技术总监（云端团队）】,neucore,40k-55k,2019-11-20 14:51:49,467616,上海锘科智能科技有限公司,15-50人,天使轮,"硬件,移动互联网",本科,浦东新区,['花木']
短视频运营经理,九曳电商,15k-30k,2019-11-13 09:29:19,109692,上海九曳电子商务有限公司,500-2000人,C轮,"移动互联网,电商",本科,嘉定区,['丰庄']
运营专家,千寻位置,19k-30k,2019-11-22 10:48:12,99397,千寻位置网络有限公司,150-500人,不需要融资,移动互联网,本科,杨浦区,
positionName,companyShortName,salary,createTime,companyId,companyFullName,companySize,financeStage,industryField,education,district,businessZones
资深算法工程师,天壤智能,20k-40k,2019-11-22 10:36:10,240153,上海天壤智能科技有限公司,150-500人,A轮,"移动互联网,企业服务",本科,徐汇区,['龙华']
游戏AI算法专家,网易,40k-80k,2019-11-21 13:54:42,329,网易（杭州）网络有限公司,2000人以上,上市公司,电商,硕士,徐汇区,"['虹梅路', '田林', '漕河泾']"
深度学习/计算机视觉研究员,商汤科技,20k-40k,2019-11-21 10:42:45,40459,北京市商汤科技开发有限公司,2000人以上,C轮,人工智能,硕士,徐汇区,
BI工程师,齐数科技（上海）有限公司,12k-17k,2019-11-19 18:31:59,40852,齐数科技（上海）有限公司,50-150人,未融资,"移动互联网,文娱丨内容",大专,徐汇区,"['徐家汇', '漕河泾', '龙华']"
股市学院内容策划,叶檀财经,12k-23k,2019-11-19 18:30:53,176757,上海檀香文化咨询有限公司,50-150人,A轮,金融,本科,闵行区,['七宝']
机器学习工程师,栈略数据,25k-45k,2019-11-19 10:27:30,120407,上海栈略数据技术有限公司,150-500人,B轮,"企业服务,数据服务",硕士,静安区,
算法工程师,栈略数据,30k-50k,2019-11-19 10:27:29,120407,上海栈略数据技术有限公司,150-500人,B轮,"企业服务,数据服务",本科,静安区,
java开发高级工程师,远景智能,30k-50k,2019-11-18 11:12:36,757720,上海远景科创智能科技有限公司,500-2000人,不需要融资,"人工智能,物联网",本科,长宁区,['中山公园']
高级算法研发,比心陪练,28k-45k,2019-11-16 14:05:46,47993,上海鱼泡泡信息科技有限公司,500-2000人,B轮,社交,本科,徐汇区,"['虹梅路', '漕宝路', '漕河泾']"
BI需求顾问,数云,15k-20k,2019-11-21 17:54:15,7502,杭州数云信息技术有限公司上海分公司,150-500人,C轮,"企业服务,数据服务",不限,徐汇区,"['龙华', '上海体育场', '万体馆']"
风控负责人,掌门集团,60k-80k,2019-11-15 14:38:30,202697,连尚（北京）网络科技有限公司,500-2000人,B轮,"移动互联网,消费生活",本科,浦东新区,
产品经理（上海）,苹果树,18k-30k,2019-11-12 13:59:20,207399,深圳苹果树数据科技有限公司,150-500人,A轮,"金融,数据服务",本科,徐汇区,"['虹梅路', '漕河泾']"
高级模型风险管理岗（上海） (MJ000722),乐信,30k-45k,2019-11-19 10:52:02,15175,深圳乐信软件技术有限公司,2000人以上,上市公司,金融,硕士,虹口区,['北外滩']
用户增长运营,唢纳网络科技,10k-15k,2019-11-15 14:02:26,341098,唢纳网络科技（上海）有限公司,50-150人,A轮,文娱丨内容,本科,普陀区,
大数据开发工程师,浦发信用卡,15k-25k,2019-11-13 09:23:16,152356,上海浦东发展银行股份有限公司信用卡中心,2000人以上,上市公司,金融,本科,浦东新区,"['塘桥', '花木', '陆家嘴']"
positionName,companyShortName,salary,createTime,companyId,companyFullName,companySize,financeStage,industryField,education,district,businessZones
数据挖掘,The NetCircle,18k-25k,2019-11-26 09:45:25,4670,人英网络（上海）有限公司,50-150人,不需要融资,"社交,数据服务",本科,普陀区,"['长寿路', '中山北路', '武宁路']"
数据挖掘工程师,宜家,20k-40k,2019-11-25 16:20:35,560057,宜家（中国）投资有限公司,2000人以上,不需要融资,消费生活,本科,徐汇区,"['田林', '漕河泾', '龙华']"
数据挖掘（开发工程师）,易居克而瑞,10k-15k,2019-11-25 14:08:19,9553,易居企业（中国）集团有限公司,500-2000人,上市公司,"移动互联网,消费生活",本科,闸北区,"['闸北公园', '延长路']"
数据挖掘工程师（外派商汤科技）,微创软件,13k-18k,2019-11-26 10:07:01,124652,上海微创软件股份有限公司,2000人以上,不需要融资,"企业服务,移动互联网",本科,徐汇区,['龙华']
数据挖掘工程师(上海),极光,15k-30k,2019-11-26 09:42:36,917,深圳市和讯华谷信息技术有限公司,500-2000人,上市公司,企业服务,本科,普陀区,
数据挖掘与模型分析师,萨摩耶金服,20k-40k,2019-11-25 17:35:55,73604,深圳萨摩耶互联网金融服务有限公司,150-500人,C轮,金融,本科,浦东新区,
数据挖掘工程师,同程艺龙,25k-50k,2019-11-25 10:39:31,3564,同程网络科技股份有限公司,2000人以上,上市公司,旅游,本科,普陀区,"['长征', '梅川路', '金沙江路']"
数据挖掘工程师,上海纯米电子科技,10k-20k,2019-11-26 09:52:22,151142,上海纯米电子科技有限公司,150-500人,C轮,"移动互联网,电商",大专,浦东新区,['张江']
数据挖掘工程师,众标智能科技,15k-20k,2019-11-25 13:32:24,38786,北京众标智能科技有限公司上海分公司,50-150人,A轮,"电商,企业服务",本科,宝山区,"['庙行', '张庙', '长江西路']"
数据挖掘工程师,华策,15k-30k,2019-11-26 09:21:55,200377,深圳华策辉弘科技有限公司,50-150人,未融资,移动互联网,本科,浦东新区,['洋泾']
数据挖掘工程师,虎扑,15k-25k,2019-11-25 18:21:36,1145,虎扑（上海）文化传播股份有限公司,500-2000人,D轮及以上,"移动互联网,文娱丨内容",本科,杨浦区,['延吉']
数据挖掘工程师,仁辉科技,13k-20k,2019-11-25 08:47:04,213202,银川仁辉信息科技有限公司,50-150人,不需要融资,金融,本科,浦东新区,['张江']
数据挖掘,毒App,15k-25k,2019-11-04 09:42:21,407096,上海识装信息科技有限公司,500-2000人,B轮,"移动互联网,电商",本科,杨浦区,
高级算法-数据挖掘工程师,商涌网络,25k-50k,2019-11-26 09:33:32,303426,上海商涌网络科技有限公司,50-150人,A轮,数据服务,本科,浦东新区,
数据挖掘工程师,上海初生网络科技有限公司,12k-24k,2019-11-21 18:46:50,40729,上海初生网络科技有限公司,50-150人,B轮,"移动互联网,社交",本科,黄浦区,"['海宁路', '四川北路']"
positionName,companyShortName,salary,createTime,companyId,companyFullName,companySize,financeStage,industryField,education,district,businessZones
数据挖掘,The NetCircle,18k-25k,2019-11-26 09:45:25,4670,人英网络（上海）有限公司,50-150人,不需要融资,"社交,数据服务",本科,普陀区,"['长寿路', '中山北路', '武宁路']"
数据挖掘工程师,宜家,20k-40k,2019-11-25 16:20:35,560057,宜家（中国）投资有限公司,2000人以上,不需要融资,消费生活,本科,徐汇区,"['田林', '漕河泾', '龙华']"
数据挖掘（开发工程师）,易居克而瑞,10k-15k,2019-11-25 14:08:19,9553,易居企业（中国）集团有限公司,500-2000人,上市公司,"移动互联网,消费生活",本科,闸北区,"['闸北公园', '延长路']"
数据挖掘工程师（外派商汤科技）,微创软件,13k-18k,2019-11-26 10:07:01,124652,上海微创软件股份有限公司,2000人以上,不需要融资,"企业服务,移动互联网",本科,徐汇区,['龙华']
数据挖掘工程师(上海),极光,15k-30k,2019-11-26 09:42:36,917,深圳市和讯华谷信息技术有限公司,500-2000人,上市公司,企业服务,本科,普陀区,
数据挖掘与模型分析师,萨摩耶金服,20k-40k,2019-11-25 17:35:55,73604,深圳萨摩耶互联网金融服务有限公司,150-500人,C轮,金融,本科,浦东新区,
数据挖掘工程师,同程艺龙,25k-50k,2019-11-25 10:39:31,3564,同程网络科技股份有限公司,2000人以上,上市公司,旅游,本科,普陀区,"['长征', '梅川路', '金沙江路']"
数据挖掘工程师,上海纯米电子科技,10k-20k,2019-11-26 09:52:22,151142,上海纯米电子科技有限公司,150-500人,C轮,"移动互联网,电商",大专,浦东新区,['张江']
数据挖掘工程师,众标智能科技,15k-20k,2019-11-25 13:32:24,38786,北京众标智能科技有限公司上海分公司,50-150人,A轮,"电商,企业服务",本科,宝山区,"['庙行', '张庙', '长江西路']"
数据挖掘工程师,华策,15k-30k,2019-11-26 09:21:55,200377,深圳华策辉弘科技有限公司,50-150人,未融资,移动互联网,本科,浦东新区,['洋泾']
数据挖掘工程师,虎扑,15k-25k,2019-11-25 18:21:36,1145,虎扑（上海）文化传播股份有限公司,500-2000人,D轮及以上,"移动互联网,文娱丨内容",本科,杨浦区,['延吉']
数据挖掘工程师,仁辉科技,13k-20k,2019-11-25 08:47:04,213202,银川仁辉信息科技有限公司,50-150人,不需要融资,金融,本科,浦东新区,['张江']
数据挖掘,毒App,15k-25k,2019-11-04 09:42:21,407096,上海识装信息科技有限公司,500-2000人,B轮,"移动互联网,电商",本科,杨浦区,
高级算法-数据挖掘工程师,商涌网络,25k-50k,2019-11-26 09:33:32,303426,上海商涌网络科技有限公司,50-150人,A轮,数据服务,本科,浦东新区,
数据挖掘工程师,上海初生网络科技有限公司,12k-24k,2019-11-21 18:46:50,40729,上海初生网络科技有限公司,50-150人,B轮,"移动互联网,社交",本科,黄浦区,"['海宁路', '四川北路']"
positionName,companyShortName,salary,createTime,companyId,companyFullName,companySize,financeStage,industryField,education,district,businessZones
数据挖掘工程师(J11048),明略科技集团,15k-25k,2019-11-22 11:20:25,13171,秒针信息技术有限公司,2000人以上,D轮及以上,"数据服务,广告营销",本科,静安区,['曹家渡']
数据挖掘工程师,千寻位置,20k-40k,2019-11-22 10:48:14,99397,千寻位置网络有限公司,150-500人,不需要融资,移动互联网,硕士,杨浦区,
数据挖掘工程师,趋曼信息,12k-22k,2019-11-22 14:38:01,143981,趋曼信息技术（上海）有限公司,15-50人,不需要融资,"电商,企业服务",本科,徐汇区,['虹梅路']
数据挖掘专家,途虎养车网,30k-45k,2019-11-25 11:22:55,36009,上海阑途信息技术有限公司,2000人以上,D轮及以上,汽车丨出行,本科,闵行区,"['南方商城', '莘庄', '古美', '梅陇']"
数据挖掘工程师,波克科技,10k-15k,2019-11-13 11:20:58,82939753,波克科技股份有限公司,500-2000人,D轮及以上,游戏,本科,普陀区,['长征']
数据挖掘工程师（金融科技）,交银企服,10k-20k,2019-11-12 15:28:21,95051,交银企业管理服务（上海）有限公司张江高科技园区分公司,2000人以上,上市公司,"移动互联网,金融",本科,长宁区,"['天山路', '虹桥', '古北']"
数据挖掘工程师,拼多多,25k-50k,2019-11-05 09:19:21,107784,上海寻梦信息技术有限公司,2000人以上,上市公司,"电商,移动互联网",本科,长宁区,
数据挖掘工程师,字节跳动,20k-40k,2019-10-30 23:55:51,62,北京字节跳动科技有限公司,2000人以上,C轮,文娱丨内容,本科,浦东新区,
数据挖掘与机器学习算法工程师,字节跳动,25k-50k,2019-11-03 00:41:25,62,北京字节跳动科技有限公司,2000人以上,C轮,文娱丨内容,本科,徐汇区,
数据挖掘工程师,嘉晟卓成新能源,25k-50k,2019-11-05 14:41:47,84514692,南京嘉晟卓成新能源科技有限公司,150-500人,不需要融资,"通讯电子,软件开发",本科,浦东新区,
数据挖掘工程师,精锐教育,20k-30k,2019-11-09 10:34:04,112839,上海精学锐信息科技有限公司,2000人以上,上市公司,教育,本科,普陀区,
数据挖掘专家/Leader,趣头条,40k-60k,2019-11-25 10:19:22,202104,上海基分文化传播有限公司,500-2000人,上市公司,文娱丨内容,本科,浦东新区,['张江']
数据挖掘专家,拍拍贷,20k-35k,2019-11-11 14:55:05,6044,上海拍拍贷金融信息服务有限公司,2000人以上,上市公司,金融,不限,浦东新区,
数据挖掘助理工程师,众标智能科技,10k-15k,2019-11-25 13:32:24,38786,北京众标智能科技有限公司上海分公司,50-150人,A轮,"电商,企业服务",本科,宝山区,"['庙行', '张庙', '长江西路']"
数据挖掘工程师-风控,拼多多,25k-50k,2019-11-05 09:19:19,107784,上海寻梦信息技术有限公司,2000人以上,上市公司,"电商,移动互联网",本科,长宁区,
positionName,companyShortName,salary,createTime,companyId,companyFullName,companySize,financeStage,industryField,education,district,businessZones
高级数据挖掘工程师,车轮,20k-35k,2019-11-25 18:06:26,34863,上海易点时空网络有限公司,150-500人,C轮,移动互联网,硕士,闵行区,
高级/资深数据挖掘工程师,字节跳动,30k-60k,2019-11-25 16:44:29,62,北京字节跳动科技有限公司,2000人以上,C轮,文娱丨内容,本科,闵行区,
数据挖掘算法,趣头条,25k-35k,2019-11-25 10:19:22,202104,上海基分文化传播有限公司,500-2000人,上市公司,文娱丨内容,本科,浦东新区,['张江']
数据挖掘算法工程师（信贷风控）-01376,同盾科技,10k-20k,2019-11-25 18:35:23,6502,同盾科技有限公司,500-2000人,C轮,"信息安全,数据服务",本科,徐汇区,"['斜土路', '枫林路', '龙华']"
高级数据挖掘工程师,小赢科技,25k-35k,2019-11-08 15:43:39,24587,深圳市小赢科技有限责任公司,500-2000人,上市公司,金融,本科,虹口区,"['四川北路', '七浦路', '海宁路']"
数据挖掘算法专家（算法平台）(J11344),哈啰出行,22k-37k,2019-11-25 20:11:07,164989,上海钧正网络科技有限公司,2000人以上,D轮及以上,"移动互联网,硬件",本科,闵行区,"['莘庄', '七宝']"
算法/数据挖掘高级工程师,阅文集团,30k-50k,2019-11-05 10:38:56,28243,上海阅文信息技术有限公司,500-2000人,上市公司,文娱丨内容,本科,浦东新区,['张江']
上海-算法工程师/专家-数据挖掘/推荐算法/广告营销/运筹优化/风控算法,拉勾猎头,25k-50k,2019-11-05 10:50:14,484985,拉勾猎头,500-2000人,D轮及以上,"移动互联网,企业服务",本科,闵行区,['莘庄']
点评App部-机器学习/数据挖掘算法专家,美团点评,35k-48k,2019-11-26 10:04:04,50702,北京三快在线科技有限公司,2000人以上,上市公司,消费生活,本科,长宁区,
数据挖掘专家,药明康德,20k-40k,2019-11-26 08:08:59,62474,上海药明康德新药开发有限公司,2000人以上,不需要融资,医疗丨健康,硕士,,
数据挖掘/机器学习实习生,上海邻我信息技术有限公司,4k-8k,2019-11-24 16:42:06,24099,上海邻我信息技术有限公司,15-50人,天使轮,"移动互联网,社交",本科,徐汇区,
数据挖掘工程师（2020校招）,莉莉丝游戏,10k-20k,2019-11-19 11:51:17,1938,上海莉莉丝科技股份有限公司,500-2000人,不需要融资,"移动互联网,游戏",本科,闵行区,
数据挖掘实习,众标智能科技,3k-4k,2019-11-25 13:32:25,38786,北京众标智能科技有限公司上海分公司,50-150人,A轮,"电商,企业服务",本科,宝山区,"['庙行', '张庙', '长江西路']"
数据挖掘实习生,百度,3k-4k,2019-11-20 14:08:33,1575,百度在线网络技术（北京）有限公司,2000人以上,不需要融资,工具,本科,浦东新区,['张江']
通信数据挖掘和分析工程师,诺基亚华诺科技,5k-8k,2019-11-25 16:49:36,280956,湖南华诺科技有限公司,500-2000人,不需要融资,"移动互联网,数据服务",本科,闸北区,"['闸北公园', '共和新路']"
